[Message:   BepInEx] BepInEx 5.4.21.0 - Risk of Rain 2 (7/25/2025 3:48:43 PM)
[Info   :   BepInEx] Running under Unity v2021.3.33.15620650
[Info   :   BepInEx] CLR runtime version: 4.0.30319.42000
[Info   :   BepInEx] Supports SRE: True
[Info   :   BepInEx] System platform: Bits64, Windows
[Message:   BepInEx] Preloader started
[Info   :   BepInEx] Loaded 1 patcher method from [BepInEx.Preloader 5.4.21.0]
[Info   :   BepInEx] Loaded 1 patcher method from [SeekersPatcher 1.0.0.0]
[Info   :   BepInEx] Loaded 1 patcher method from [BepInEx.GUI.Loader 1.0.0.0]
[Info   :   BepInEx] Loaded 1 patcher method from [FixPluginTypesSerialization 1.0.0.0]
[Info   :   BepInEx] Loaded 1 patcher method from [BepInEx.MonoMod.HookGenPatcher 1.2.1.0]
[Info   :   BepInEx] Loaded 1 patcher method from [R2API.DamageType.Patcher 1.0.0.0]
[Info   :   BepInEx] Loaded 1 patcher method from [R2API.ProcType.Patcher 1.0.0.0]
[Info   :   BepInEx] 7 patcher plugins loaded
[Info   :BepInEx.GUI.Loader] Finding and launching GUI
[Info   :BepInEx.GUI.Loader] Found bepinex_gui v3 executable in E:\Mods\r2modman\RiskOfRain2\profiles\BakedDev\BepInEx\patchers\RiskofThunder-BepInEx_GUI\BepInEx.GUI\bepinex_gui.exe
[Info   :BepInEx.GUI.Loader] [SendLogToClient] Accepting Socket.
[Info   :HookGenPatcher] HookGenPatcher v3
[Info   :HookGenPatcher] Previous MMHOOK location found. Using that location to save instead.
[Info   :HookGenPatcher] Already ran for this version, reusing that file.
[Info   :FixPluginTypesSerialization] Running under Unity v2021.3.33
[Debug  :FixPluginTypesSerialization] Unity version obtained from main application module.
[Info   :FixPluginTypesSerialization] Found offsets for current version, using them.
[Info   :   BepInEx] Patching [RoR2] with [BepInEx.Chainloader]
[Info   :   BepInEx] Patching [RoR2] with [R2API.DamageTypePatcher]
[Info   :   BepInEx] Patching [RoR2] with [R2API.ProcTypePatcher]
[Info   :   BepInEx] Patching [RoR2] with [_SeekersPatcher._SeekersPatcher]
[Message:   BepInEx] Preloader finished
[Message:   BepInEx] Chainloader ready
[Message:   BepInEx] Chainloader started
[Info   :   BepInEx] 70 plugins to load
[Info   :   BepInEx] TS Manifest: pseudopulse-SeekersPatcher-1.3.8
[Info   :   BepInEx] Loading [__SeekersPatcherDLL 1.0.0]
[Info   :   BepInEx] TS Manifest: RiskofThunder-RoR2BepInExPack-1.33.0
[Info   :   BepInEx] Loading [RoR2BepInExPack 1.33.0]
[Debug  :RoR2BepInExPack] OnHook RoR2BepInExPack.HookWatcher.HarmonyAddPatchWatcher added by assembly: RoR2BepInExPack.dll for: HarmonyLib.PatchJobs`1+Job[[System.Reflection.MethodInfo, mscorlib, Version=4.0.0.0, Culture=neutral, PublicKeyToken=b77a5c561934e089]].AddPatch
[Debug  :RoR2BepInExPack] ILHook RoR2BepInExPack.VanillaFixes.ILLine.ShowILLine added by assembly: RoR2BepInExPack.dll for: System.Diagnostics.StackTrace.AddFrames
[Debug  :RoR2BepInExPack] OnHook RoR2BepInExPack.VanillaFixes.FixSystemInitializer.EnqueueAllInitializers added by assembly: RoR2BepInExPack.dll for: RoR2.SystemInitializerAttribute.ExecuteStatic
[Debug  :RoR2BepInExPack] OnHook RoR2BepInExPack.VanillaFixes.FixSystemInitializer.LogBadCycle added by assembly: RoR2BepInExPack.dll for: RoR2.SystemInitializerAttribute.ExecuteCoroutine
[Debug  :RoR2BepInExPack] OnHook RoR2BepInExPack.ReflectionHooks.AutoCatchReflectionTypeLoadException.SaferGetTypes added by assembly: RoR2BepInExPack.dll for: System.Reflection.Assembly.GetTypes
[Debug  :RoR2BepInExPack] OnHook RoR2BepInExPack.ReflectionHooks.AutoCatchReflectionTypeLoadException.SaferGetTypes added by assembly: RoR2BepInExPack.dll for: System.Reflection.Assembly.GetExportedTypes
[Debug  :RoR2BepInExPack] OnHook RoR2BepInExPack.VanillaFixes.SaferAchievementManager.SaferCollectAchievementDefs added by assembly: RoR2BepInExPack.dll for: RoR2.AchievementManager.CollectAchievementDefs
[Debug  :RoR2BepInExPack] OnHook RoR2BepInExPack.VanillaFixes.SaferResourceAvailability.TryCatchEachLoopIteration added by assembly: RoR2BepInExPack.dll for: ResourceAvailability.MakeAvailable
[Debug  :RoR2BepInExPack] ILHook RoR2BepInExPack.VanillaFixes.SaferSearchableAttribute.SaferScanAssemblyILManipulator added by assembly: RoR2BepInExPack.dll for: HG.Reflection.SearchableAttribute.ScanAssembly
[Debug  :RoR2BepInExPack] OnHook RoR2BepInExPack.VanillaFixes.FixConsoleLog.DoNothing added by assembly: RoR2BepInExPack.dll for: RoR2.UnitySystemConsoleRedirector.Redirect
[Debug  :RoR2BepInExPack] ILHook RoR2BepInExPack.VanillaFixes.FixConVar.ScanAllAssemblies added by assembly: RoR2BepInExPack.dll for: RoR2.Console+<InternalInitConVarsCoroutine>d__26.MoveNext
[Debug  :RoR2BepInExPack] ILHook RoR2BepInExPack.VanillaFixes.FixDeathAnimLog.FixLackingAnim added by assembly: RoR2BepInExPack.dll for: EntityStates.GenericCharacterDeath.PlayDeathAnimation
[Debug  :RoR2BepInExPack] ILHook RoR2BepInExPack.VanillaFixes.FixNullBone.FixBoneCheck added by assembly: RoR2BepInExPack.dll for: DynamicBone.ApplyParticlesToTransforms
[Debug  :RoR2BepInExPack] OnHook RoR2BepInExPack.VanillaFixes.FixExtraGameModesMenu.FixIt added by assembly: RoR2BepInExPack.dll for: RoR2.UI.MainMenu.MainMenuController.Start
[Debug  :RoR2BepInExPack] ILHook RoR2BepInExPack.VanillaFixes.FixProjectileCatalogLimitError.IncreaseCatalogLimit added by assembly: RoR2BepInExPack.dll for: RoR2.ProjectileCatalog.SetProjectilePrefabs
[Debug  :RoR2BepInExPack] ILHook RoR2BepInExPack.ModCompatibility.FixNullEntitlement.FixEntitledCheck added by assembly: RoR2BepInExPack.dll for: RoR2.EntitlementManagement.BaseUserEntitlementTracker`1[[RoR2.LocalUser, RoR2, Version=0.0.0.0, Culture=neutral, PublicKeyToken=null]].UserHasEntitlement
[Debug  :RoR2BepInExPack] ILHook RoR2BepInExPack.ModCompatibility.FixNullEntitlement.FixEntitledCheck added by assembly: RoR2BepInExPack.dll for: RoR2.EntitlementManagement.BaseUserEntitlementTracker`1[[RoR2.NetworkUser, RoR2, Version=0.0.0.0, Culture=neutral, PublicKeyToken=null]].UserHasEntitlement
[Debug  :RoR2BepInExPack] ILHook RoR2BepInExPack.VanillaFixes.FixExposeLog.FixAddingExpose added by assembly: RoR2BepInExPack.dll for: RoR2.HealthComponent.TakeDamageProcess
[Debug  :RoR2BepInExPack] ILHook RoR2BepInExPack.VanillaFixes.FixNonLethalOneHP.FixLethality added by assembly: RoR2BepInExPack.dll for: RoR2.HealthComponent.TakeDamageProcess
[Debug  :RoR2BepInExPack] ILHook RoR2BepInExPack.VanillaFixes.FixRunScaling.CalculateDifficultyCoefficientOnRunStart added by assembly: RoR2BepInExPack.dll for: RoR2.Run.Start
[Debug  :RoR2BepInExPack] ILHook RoR2BepInExPack.VanillaFixes.FixCharacterBodyRemoveOldestTimedBuff.FixRemoveOldestTimedBuff added by assembly: RoR2BepInExPack.dll for: RoR2.CharacterBody.RemoveOldestTimedBuff
[Debug  :RoR2BepInExPack] OnHook RoR2BepInExPack.VanillaFixes.FixDedicatedServerMaxPlayerCount.FixUsageOfMaxPlayerCountVariable added by assembly: RoR2BepInExPack.dll for: UnityEngine.Networking.NetworkManager.StartHost
[Debug  :RoR2BepInExPack] OnHook RoR2BepInExPack.VanillaFixes.FixDedicatedServerMaxPlayerCount.FixUsageOfMaxPlayerCountVariable2 added by assembly: RoR2BepInExPack.dll for: UnityEngine.Networking.NetworkManager.StartServer
[Debug  :RoR2BepInExPack] ILHook RoR2BepInExPack.VanillaFixes.FixHasEffectiveAuthority.FixHook added by assembly: RoR2BepInExPack.dll for: RoR2.Util.HasEffectiveAuthority
[Debug  :RoR2BepInExPack] OnHook RoR2BepInExPack.VanillaFixes.FixRuleBookViewerStrip.FindIndexAndSetWidth added by assembly: RoR2BepInExPack.dll for: RoR2.UI.RuleBookViewerStrip.SetData
[Debug  :RoR2BepInExPack] ILHook RoR2BepInExPack.VanillaFixes.LogNetworkInvokeException.AddExceptionLogging added by assembly: RoR2BepInExPack.dll for: UnityEngine.Networking.NetworkConnection.InvokeDelegateWithCatch
[Debug  :RoR2BepInExPack] ILHook RoR2BepInExPack.ModCompatibility.FixMultiCorrupt.FixStep added by assembly: RoR2BepInExPack.dll for: RoR2.Items.ContagiousItemManager.StepInventoryInfection
[Debug  :RoR2BepInExPack] OnHook RoR2BepInExPack.ModCompatibility.FixMultiCorrupt.OnGenerateStageRNG added by assembly: RoR2BepInExPack.dll for: RoR2.Run.GenerateStageRNG
[Debug  :RoR2BepInExPack] ILHook RoR2BepInExPack.VanillaFixes.HarmonyMatchException.FixHarmonyMatchException added by assembly: RoR2BepInExPack.dll for: HarmonyLib.Public.Patching.HarmonyManipulator.ApplyManipulators
[Info   :   BepInEx] TS Manifest: score-MiscFixes-1.5.0
[Info   :   BepInEx] Loading [MiscFixes 1.5.0]
[Debug  :RoR2BepInExPack] Harmony ILManipulator static void MiscFixes.ErrorPolice.Harmony.MemOpFixes::AssetOrDirectReference_Result(MonoMod.Cil.ILContext il) added by MiscFixes.dll for: UnityEngine.Object RoR2.ContentManagement.AssetOrDirectReference<UnityEngine.Object>::get_Result()
[Debug  :RoR2BepInExPack] Harmony ILManipulator static void MiscFixes.ErrorPolice.Harmony.MemOpFixes::AssetAsyncReferenceManager_OnSceneChanged(MonoMod.Cil.ILContext il) added by MiscFixes.dll for: static void RoR2.ContentManagement.AssetAsyncReferenceManager<UnityEngine.Object>::OnSceneChanged(UnityEngine.SceneManagement.Scene oldScene, UnityEngine.SceneManagement.Scene newScene)
[Debug  :RoR2BepInExPack] Harmony ILManipulator static void MiscFixes.ErrorPolice.Harmony.MemOpFixes::CharacterModel_InstantiateDisplayRuleGroup(MonoMod.Cil.ILContext il) added by MiscFixes.dll for: void RoR2.CharacterModel::InstantiateDisplayRuleGroup(RoR2.DisplayRuleGroup displayRuleGroup, RoR2.ItemIndex itemIndex, RoR2.EquipmentIndex equipmentIndex)
[Debug  :RoR2BepInExPack] Harmony ILManipulator static void MiscFixes.ErrorPolice.Harmony.MemOpFixes::ItemDisplayRuleSet_GenerateRuntimeValuesAsync(MonoMod.Cil.ILContext il) added by MiscFixes.dll for: virtual bool RoR2.ItemDisplayRuleSet+<GenerateRuntimeValuesAsync>d__16::MoveNext()
[Debug  :RoR2BepInExPack] ILHook HarmonyLib.Public.Patching.ManagedMethodPatcher.Manipulator added by assembly: 0Harmony.dll for: RoR2.ContentManagement.AssetOrDirectReference`1[[UnityEngine.Object, UnityEngine.CoreModule, Version=0.0.0.0, Culture=neutral, PublicKeyToken=null]].get_Result
[Debug  :RoR2BepInExPack] ILHook HarmonyLib.Public.Patching.ManagedMethodPatcher.Manipulator added by assembly: 0Harmony.dll for: RoR2.ContentManagement.AssetAsyncReferenceManager`1[[UnityEngine.Object, UnityEngine.CoreModule, Version=0.0.0.0, Culture=neutral, PublicKeyToken=null]].OnSceneChanged
[Debug  :RoR2BepInExPack] ILHook HarmonyLib.Public.Patching.ManagedMethodPatcher.Manipulator added by assembly: 0Harmony.dll for: RoR2.CharacterModel.InstantiateDisplayRuleGroup
[Debug  :RoR2BepInExPack] ILHook HarmonyLib.Public.Patching.ManagedMethodPatcher.Manipulator added by assembly: 0Harmony.dll for: RoR2.ItemDisplayRuleSet+<GenerateRuntimeValuesAsync>d__16.MoveNext
[Debug  :RoR2BepInExPack] Harmony Prefix static bool MiscFixes.ErrorPolice.Harmony.PermanentFixes::PlayerStatsComponent_Init(RoR2.DamageReport damageReport) added by MiscFixes.dll for: void RoR2.Stats.PlayerStatsComponent+<>c::<Init>b__18_0(RoR2.DamageReport damageReport)
[Debug  :RoR2BepInExPack] Harmony Prefix static bool MiscFixes.ErrorPolice.Harmony.PermanentFixes::InspectPanelController_Show(RoR2.UI.InspectPanelController __instance) added by MiscFixes.dll for: void RoR2.UI.InspectPanelController::Show(RoR2.UI.InspectInfo ToShow, bool WithSidecar, RoR2.UserProfile incomingUserProfile)
[Debug  :RoR2BepInExPack] Harmony Prefix static bool MiscFixes.ErrorPolice.Harmony.PermanentFixes::NormalizeParticleScale_OnEnable(RoR2.NormalizeParticleScale __instance) added by MiscFixes.dll for: void RoR2.NormalizeParticleScale::OnEnable()
[Debug  :RoR2BepInExPack] Harmony Postfix static void MiscFixes.ErrorPolice.Harmony.PermanentFixes::BurnEffectController_AddFireParticles(RoR2.NormalizeParticleScale __instance, RoR2.BurnEffectControllerHelper& __result, UnityEngine.Renderer modelRenderer) added by MiscFixes.dll for: RoR2.BurnEffectControllerHelper RoR2.BurnEffectController::AddFireParticles(UnityEngine.Renderer modelRenderer, UnityEngine.Transform targetParentTransform)
[Debug  :RoR2BepInExPack] Harmony Prefix static bool MiscFixes.ErrorPolice.Harmony.PermanentFixes::SurvivorIconController_GetLocalUser(RoR2.UI.SurvivorIconController __instance, RoR2.LocalUser& __result) added by MiscFixes.dll for: RoR2.LocalUser RoR2.UI.SurvivorIconController::GetLocalUser()
[Debug  :RoR2BepInExPack] Harmony Prefix static void MiscFixes.ErrorPolice.Harmony.PermanentFixes::TemporaryOverlayInstance_SetupMaterial(RoR2.TemporaryOverlayInstance __instance) added by MiscFixes.dll for: void RoR2.TemporaryOverlayInstance::SetupMaterial()
[Debug  :RoR2BepInExPack] Harmony Postfix static void MiscFixes.ErrorPolice.Harmony.PermanentFixes::HalcyoniteShrineInteractable_Awake(RoR2.HalcyoniteShrineInteractable __instance) added by MiscFixes.dll for: void RoR2.HalcyoniteShrineInteractable::Awake()
[Debug  :RoR2BepInExPack] Harmony Finalizer static Exception MiscFixes.ErrorPolice.Harmony.PermanentFixes::FixFacepunch() added by MiscFixes.dll for: void Facepunch.Steamworks.BaseSteamworks::RunUpdateCallbacks()
[Debug  :RoR2BepInExPack] Harmony Prefix static void MiscFixes.ErrorPolice.Harmony.PermanentFixes::Ugh(RoR2.FlickerLight __instance) added by MiscFixes.dll for: void RoR2.FlickerLight::OnEnable()
[Debug  :RoR2BepInExPack] Harmony ILManipulator static void MiscFixes.ErrorPolice.Harmony.PermanentFixes::FixThisFuckingBullshitGearbox(MonoMod.Cil.ILContext il) added by MiscFixes.dll for: virtual void RoR2.UI.MPEventSystem::Update()
[Debug  :RoR2BepInExPack] Harmony ILManipulator static void MiscFixes.ErrorPolice.Harmony.PermanentFixes::FixVoidSeed(MonoMod.Cil.ILContext il) added by MiscFixes.dll for: virtual void EntityStates.VoidCamp.Idle::FixedUpdate()
[Debug  :RoR2BepInExPack] Harmony ILManipulator static void MiscFixes.ErrorPolice.Harmony.PermanentFixes::FixVoidSeed(MonoMod.Cil.ILContext il) added by MiscFixes.dll for: virtual string EntityStates.VoidCamp.Idle+VoidCampObjectiveTracker::GenerateString()
[Debug  :RoR2BepInExPack] ILHook HarmonyLib.Public.Patching.ManagedMethodPatcher.Manipulator added by assembly: 0Harmony.dll for: RoR2.Stats.PlayerStatsComponent+<>c.<Init>b__18_0
[Debug  :RoR2BepInExPack] ILHook HarmonyLib.Public.Patching.ManagedMethodPatcher.Manipulator added by assembly: 0Harmony.dll for: RoR2.UI.InspectPanelController.Show
[Debug  :RoR2BepInExPack] ILHook HarmonyLib.Public.Patching.ManagedMethodPatcher.Manipulator added by assembly: 0Harmony.dll for: RoR2.NormalizeParticleScale.OnEnable
[Debug  :RoR2BepInExPack] ILHook HarmonyLib.Public.Patching.ManagedMethodPatcher.Manipulator added by assembly: 0Harmony.dll for: RoR2.BurnEffectController.AddFireParticles
[Debug  :RoR2BepInExPack] ILHook HarmonyLib.Public.Patching.ManagedMethodPatcher.Manipulator added by assembly: 0Harmony.dll for: RoR2.UI.SurvivorIconController.GetLocalUser
[Debug  :RoR2BepInExPack] ILHook HarmonyLib.Public.Patching.ManagedMethodPatcher.Manipulator added by assembly: 0Harmony.dll for: RoR2.TemporaryOverlayInstance.SetupMaterial
[Debug  :RoR2BepInExPack] ILHook HarmonyLib.Public.Patching.ManagedMethodPatcher.Manipulator added by assembly: 0Harmony.dll for: RoR2.HalcyoniteShrineInteractable.Awake
[Debug  :RoR2BepInExPack] ILHook HarmonyLib.Public.Patching.ManagedMethodPatcher.Manipulator added by assembly: 0Harmony.dll for: Facepunch.Steamworks.BaseSteamworks.RunUpdateCallbacks
[Debug  :RoR2BepInExPack] ILHook HarmonyLib.Public.Patching.ManagedMethodPatcher.Manipulator added by assembly: 0Harmony.dll for: RoR2.FlickerLight.OnEnable
[Debug  :RoR2BepInExPack] ILHook HarmonyLib.Public.Patching.ManagedMethodPatcher.Manipulator added by assembly: 0Harmony.dll for: RoR2.UI.MPEventSystem.Update
[Debug  :RoR2BepInExPack] ILHook HarmonyLib.Public.Patching.ManagedMethodPatcher.Manipulator added by assembly: 0Harmony.dll for: EntityStates.VoidCamp.Idle.FixedUpdate
[Debug  :RoR2BepInExPack] ILHook HarmonyLib.Public.Patching.ManagedMethodPatcher.Manipulator added by assembly: 0Harmony.dll for: EntityStates.VoidCamp.Idle+VoidCampObjectiveTracker.GenerateString
[Debug  :RoR2BepInExPack] Harmony ILManipulator static void MiscFixes.ErrorPolice.Harmony.ServerCommandsOnClient::FixEnterSkyLeapOnEnter(MonoMod.Cil.ILContext il) added by MiscFixes.dll for: virtual void EntityStates.BrotherMonster.EnterSkyLeap::OnEnter()
[Debug  :RoR2BepInExPack] Harmony ILManipulator static void MiscFixes.ErrorPolice.Harmony.ServerCommandsOnClient::FixExitSkyLeapOnEnter(MonoMod.Cil.ILContext il) added by MiscFixes.dll for: virtual void EntityStates.BrotherMonster.ExitSkyLeap::OnEnter()
[Debug  :RoR2BepInExPack] Harmony ILManipulator static void MiscFixes.ErrorPolice.Harmony.ServerCommandsOnClient::FixHoldSkyLeapOnEnter(MonoMod.Cil.ILContext il) added by MiscFixes.dll for: virtual void EntityStates.BrotherMonster.HoldSkyLeap::OnEnter()
[Debug  :RoR2BepInExPack] Harmony ILManipulator static void MiscFixes.ErrorPolice.Harmony.ServerCommandsOnClient::FixHoldSkyLeapOnExit(MonoMod.Cil.ILContext il) added by MiscFixes.dll for: virtual void EntityStates.BrotherMonster.HoldSkyLeap::OnExit()
[Debug  :RoR2BepInExPack] Harmony ILManipulator static void MiscFixes.ErrorPolice.Harmony.ServerCommandsOnClient::FixSpellChannelStateOnEnter(MonoMod.Cil.ILContext il) added by MiscFixes.dll for: virtual void EntityStates.BrotherMonster.SpellChannelState::OnEnter()
[Debug  :RoR2BepInExPack] Harmony ILManipulator static void MiscFixes.ErrorPolice.Harmony.ServerCommandsOnClient::SpellChannelState_OnExit(MonoMod.Cil.ILContext il) added by MiscFixes.dll for: virtual void EntityStates.BrotherMonster.SpellChannelState::OnExit()
[Debug  :RoR2BepInExPack] Harmony ILManipulator static void MiscFixes.ErrorPolice.Harmony.ServerCommandsOnClient::FixDuplicatingDropDroplet(MonoMod.Cil.ILContext il) added by MiscFixes.dll for: void EntityStates.Duplicator.Duplicating::DropDroplet()
[Debug  :RoR2BepInExPack] Harmony ILManipulator static void MiscFixes.ErrorPolice.Harmony.ServerCommandsOnClient::FixFireArrowSnipeFireBullet(MonoMod.Cil.ILContext il) added by MiscFixes.dll for: virtual void EntityStates.Huntress.Weapon.FireArrowSnipe::FireBullet(UnityEngine.Ray aimRay)
[Debug  :RoR2BepInExPack] Harmony ILManipulator static void MiscFixes.ErrorPolice.Harmony.ServerCommandsOnClient::FixHiddenOnEnter(MonoMod.Cil.ILContext il) added by MiscFixes.dll for: virtual void EntityStates.MinorConstruct.Hidden::OnEnter()
[Debug  :RoR2BepInExPack] Harmony ILManipulator static void MiscFixes.ErrorPolice.Harmony.ServerCommandsOnClient::FixHiddenOnExit(MonoMod.Cil.ILContext il) added by MiscFixes.dll for: virtual void EntityStates.MinorConstruct.Hidden::OnExit()
[Debug  :RoR2BepInExPack] Harmony ILManipulator static void MiscFixes.ErrorPolice.Harmony.ServerCommandsOnClient::FixScrapperBaseStateOnEnter(MonoMod.Cil.ILContext il) added by MiscFixes.dll for: virtual void EntityStates.Scrapper.ScrapperBaseState::OnEnter()
[Debug  :RoR2BepInExPack] Harmony ILManipulator static void MiscFixes.ErrorPolice.Harmony.ServerCommandsOnClient::FixBuffPassengerWhileSeatedOnDisable(MonoMod.Cil.ILContext il) added by MiscFixes.dll for: void RoR2.BuffPassengerWhileSeated::OnDisable()
[Debug  :RoR2BepInExPack] Harmony ILManipulator static void MiscFixes.ErrorPolice.Harmony.ServerCommandsOnClient::FixBuffPassengerWhileSeatedOnEnable(MonoMod.Cil.ILContext il) added by MiscFixes.dll for: void RoR2.BuffPassengerWhileSeated::OnEnable()
[Debug  :RoR2BepInExPack] Harmony ILManipulator static void MiscFixes.ErrorPolice.Harmony.ServerCommandsOnClient::FixDelusionChestControllerResetChestForDelusion(MonoMod.Cil.ILContext il) added by MiscFixes.dll for: void RoR2.DelusionChestController::ResetChestForDelusion()
[Debug  :RoR2BepInExPack] Harmony ILManipulator static void MiscFixes.ErrorPolice.Harmony.ServerCommandsOnClient::FixDelusionChestControllerStart(MonoMod.Cil.ILContext il) added by MiscFixes.dll for: void RoR2.DelusionChestController::Start()
[Debug  :RoR2BepInExPack] Harmony ILManipulator static void MiscFixes.ErrorPolice.Harmony.ServerCommandsOnClient::FixDevotionInventoryControllerAwake(MonoMod.Cil.ILContext il) added by MiscFixes.dll for: void RoR2.DevotionInventoryController::Awake()
[Debug  :RoR2BepInExPack] Harmony ILManipulator static void MiscFixes.ErrorPolice.Harmony.ServerCommandsOnClient::FixMasterDropDropletDropItems(MonoMod.Cil.ILContext il) added by MiscFixes.dll for: void RoR2.MasterDropDroplet::DropItems()
[Debug  :RoR2BepInExPack] Harmony ILManipulator static void MiscFixes.ErrorPolice.Harmony.ServerCommandsOnClient::FixMinionGroupAddMinion(MonoMod.Cil.ILContext il) added by MiscFixes.dll for: static void RoR2.MinionOwnership+MinionGroup::AddMinion(UnityEngine.Networking.NetworkInstanceId ownerId, RoR2.MinionOwnership minion)
[Debug  :RoR2BepInExPack] Harmony ILManipulator static void MiscFixes.ErrorPolice.Harmony.ServerCommandsOnClient::FixMinionGroupRemoveMinion(MonoMod.Cil.ILContext il) added by MiscFixes.dll for: static void RoR2.MinionOwnership+MinionGroup::RemoveMinion(UnityEngine.Networking.NetworkInstanceId ownerId, RoR2.MinionOwnership minion)
[Debug  :RoR2BepInExPack] ILHook HarmonyLib.Public.Patching.ManagedMethodPatcher.Manipulator added by assembly: 0Harmony.dll for: EntityStates.BrotherMonster.EnterSkyLeap.OnEnter
[Debug  :RoR2BepInExPack] ILHook HarmonyLib.Public.Patching.ManagedMethodPatcher.Manipulator added by assembly: 0Harmony.dll for: EntityStates.BrotherMonster.ExitSkyLeap.OnEnter
[Debug  :RoR2BepInExPack] ILHook HarmonyLib.Public.Patching.ManagedMethodPatcher.Manipulator added by assembly: 0Harmony.dll for: EntityStates.BrotherMonster.HoldSkyLeap.OnEnter
[Debug  :RoR2BepInExPack] ILHook HarmonyLib.Public.Patching.ManagedMethodPatcher.Manipulator added by assembly: 0Harmony.dll for: EntityStates.BrotherMonster.HoldSkyLeap.OnExit
[Debug  :RoR2BepInExPack] ILHook HarmonyLib.Public.Patching.ManagedMethodPatcher.Manipulator added by assembly: 0Harmony.dll for: EntityStates.BrotherMonster.SpellChannelState.OnEnter
[Debug  :RoR2BepInExPack] ILHook HarmonyLib.Public.Patching.ManagedMethodPatcher.Manipulator added by assembly: 0Harmony.dll for: EntityStates.BrotherMonster.SpellChannelState.OnExit
[Debug  :RoR2BepInExPack] ILHook HarmonyLib.Public.Patching.ManagedMethodPatcher.Manipulator added by assembly: 0Harmony.dll for: EntityStates.Duplicator.Duplicating.DropDroplet
[Debug  :RoR2BepInExPack] ILHook HarmonyLib.Public.Patching.ManagedMethodPatcher.Manipulator added by assembly: 0Harmony.dll for: EntityStates.Huntress.Weapon.FireArrowSnipe.FireBullet
[Debug  :RoR2BepInExPack] ILHook HarmonyLib.Public.Patching.ManagedMethodPatcher.Manipulator added by assembly: 0Harmony.dll for: EntityStates.MinorConstruct.Hidden.OnEnter
[Debug  :RoR2BepInExPack] ILHook HarmonyLib.Public.Patching.ManagedMethodPatcher.Manipulator added by assembly: 0Harmony.dll for: EntityStates.MinorConstruct.Hidden.OnExit
[Debug  :RoR2BepInExPack] ILHook HarmonyLib.Public.Patching.ManagedMethodPatcher.Manipulator added by assembly: 0Harmony.dll for: EntityStates.Scrapper.ScrapperBaseState.OnEnter
[Debug  :RoR2BepInExPack] ILHook HarmonyLib.Public.Patching.ManagedMethodPatcher.Manipulator added by assembly: 0Harmony.dll for: RoR2.BuffPassengerWhileSeated.OnDisable
[Debug  :RoR2BepInExPack] ILHook HarmonyLib.Public.Patching.ManagedMethodPatcher.Manipulator added by assembly: 0Harmony.dll for: RoR2.BuffPassengerWhileSeated.OnEnable
[Debug  :RoR2BepInExPack] ILHook HarmonyLib.Public.Patching.ManagedMethodPatcher.Manipulator added by assembly: 0Harmony.dll for: RoR2.DelusionChestController.ResetChestForDelusion
[Debug  :RoR2BepInExPack] ILHook HarmonyLib.Public.Patching.ManagedMethodPatcher.Manipulator added by assembly: 0Harmony.dll for: RoR2.DelusionChestController.Start
[Debug  :RoR2BepInExPack] ILHook HarmonyLib.Public.Patching.ManagedMethodPatcher.Manipulator added by assembly: 0Harmony.dll for: RoR2.DevotionInventoryController.Awake
[Debug  :RoR2BepInExPack] ILHook HarmonyLib.Public.Patching.ManagedMethodPatcher.Manipulator added by assembly: 0Harmony.dll for: RoR2.MasterDropDroplet.DropItems
[Debug  :RoR2BepInExPack] ILHook HarmonyLib.Public.Patching.ManagedMethodPatcher.Manipulator added by assembly: 0Harmony.dll for: RoR2.MinionOwnership+MinionGroup.AddMinion
[Debug  :RoR2BepInExPack] ILHook HarmonyLib.Public.Patching.ManagedMethodPatcher.Manipulator added by assembly: 0Harmony.dll for: RoR2.MinionOwnership+MinionGroup.RemoveMinion
[Debug  :RoR2BepInExPack] Harmony ILManipulator static void MiscFixes.ErrorPolice.Harmony.VanillaFixes::TemporaryVisualEffect_RebuildVisualComponents(MonoMod.Cil.ILContext il) added by MiscFixes.dll for: void RoR2.TemporaryVisualEffect::RebuildVisualComponents()
[Debug  :RoR2BepInExPack] Harmony ILManipulator static void MiscFixes.ErrorPolice.Harmony.VanillaFixes::RolyPolyHitFiveAirEnemiesServerAchievement_GetCharacterMotor(MonoMod.Cil.ILContext il) added by MiscFixes.dll for: RoR2.CharacterMotor RoR2.Achievements.Chef.RolyPolyHitFiveAirEnemies+RolyPolyHitFiveAirEnemiesServerAchievement::GetCharacterMotor()
[Debug  :RoR2BepInExPack] Harmony Prefix static bool MiscFixes.ErrorPolice.Harmony.VanillaFixes::AffixAurelioniteBehavior_Update(RoR2.AffixAurelioniteBehavior __instance) added by MiscFixes.dll for: void RoR2.AffixAurelioniteBehavior::Update()
[Debug  :RoR2BepInExPack] Harmony ILManipulator static void MiscFixes.ErrorPolice.Harmony.VanillaFixes::CharacterBody_HandleDisableAllSkillsDebuff(MonoMod.Cil.ILContext il) added by MiscFixes.dll for: void RoR2.CharacterBody::<HandleDisableAllSkillsDebuff>g__HandleSkillDisableState|389_0(bool _disable)
[Debug  :RoR2BepInExPack] Harmony ILManipulator static void MiscFixes.ErrorPolice.Harmony.VanillaFixes::CharacterBody_FreeFortniteCard(MonoMod.Cil.ILContext il) added by MiscFixes.dll for: void RoR2.CharacterBody::TryGiveFreeUnlockWhenLevelUp()
[Debug  :RoR2BepInExPack] Harmony ILManipulator static void MiscFixes.ErrorPolice.Harmony.VanillaFixes::VineOrb_OnArrival(MonoMod.Cil.ILContext il, MonoMod.Cil.ILLabel retLabel) added by MiscFixes.dll for: virtual void RoR2.Orbs.VineOrb::OnArrival()
[Debug  :RoR2BepInExPack] Harmony ILManipulator static void MiscFixes.ErrorPolice.Harmony.VanillaFixes::ProjectileController_Start(MonoMod.Cil.ILContext il) added by MiscFixes.dll for: void RoR2.Projectile.ProjectileController::Start()
[Debug  :RoR2BepInExPack] Harmony ILManipulator static void MiscFixes.ErrorPolice.Harmony.VanillaFixes::StatManager_ProcessGoldEvents(MonoMod.Cil.ILContext il) added by MiscFixes.dll for: static void RoR2.Stats.StatManager::ProcessGoldEvents()
[Debug  :RoR2BepInExPack] Harmony ILManipulator static void MiscFixes.ErrorPolice.Harmony.VanillaFixes::MinionLeashBodyBehavior_OnDisable(MonoMod.Cil.ILContext il) added by MiscFixes.dll for: void RoR2.Items.MinionLeashBodyBehavior::OnDisable()
[Debug  :RoR2BepInExPack] Harmony ILManipulator static void MiscFixes.ErrorPolice.Harmony.VanillaFixes::ElusiveAntlersPickup_FixedUpdate(MonoMod.Cil.ILContext il) added by MiscFixes.dll for: void RoR2.ElusiveAntlersPickup::FixedUpdate()
[Debug  :RoR2BepInExPack] Harmony ILManipulator static void MiscFixes.ErrorPolice.Harmony.VanillaFixes::ElusiveAntlersPickup_OnShardDestroyed(MonoMod.Cil.ILContext il) added by MiscFixes.dll for: void RoR2.ElusiveAntlersPickup::OnShardDestroyed(RoR2.ElusiveAntlersPickup+ElusiveAntlersDestroyCondition destroyCondition)
[Debug  :RoR2BepInExPack] Harmony ILManipulator static void MiscFixes.ErrorPolice.Harmony.VanillaFixes::FogDamageController_EvaluateTeam(MonoMod.Cil.ILContext il) added by MiscFixes.dll for: void RoR2.FogDamageController::EvaluateTeam(RoR2.TeamIndex teamIndex)
[Debug  :RoR2BepInExPack] Harmony ILManipulator static void MiscFixes.ErrorPolice.Harmony.VanillaFixes::DeathState_FixedUpdate(MonoMod.Cil.ILContext il) added by MiscFixes.dll for: virtual void EntityStates.LunarExploderMonster.DeathState::FixedUpdate()
[Debug  :RoR2BepInExPack] Harmony ILManipulator static void MiscFixes.ErrorPolice.Harmony.VanillaFixes::RouletteChestController_Idle_OnEnter(MonoMod.Cil.ILContext il) added by MiscFixes.dll for: virtual void RoR2.RouletteChestController+Idle::OnEnter()
[Debug  :RoR2BepInExPack] Harmony ILManipulator static void MiscFixes.ErrorPolice.Harmony.VanillaFixes::Interactor_FindBestInteractableObject(MonoMod.Cil.ILContext il) added by MiscFixes.dll for: UnityEngine.GameObject RoR2.Interactor::FindBestInteractableObject(UnityEngine.Ray raycastRay, float maxRaycastDistance, UnityEngine.Vector3 overlapPosition, float overlapRadius)
[Debug  :RoR2BepInExPack] Harmony ILManipulator static void MiscFixes.ErrorPolice.Harmony.VanillaFixes::Duplicating_DropDroplet(MonoMod.Cil.ILContext il) added by MiscFixes.dll for: void EntityStates.Duplicator.Duplicating::DropDroplet()
[Debug  :RoR2BepInExPack] Harmony ILManipulator static void MiscFixes.ErrorPolice.Harmony.VanillaFixes::DetachParticleOnDestroyAndEndEmission_OnDisable(MonoMod.Cil.ILContext il) added by MiscFixes.dll for: void RoR2.DetachParticleOnDestroyAndEndEmission::OnDisable()
[Debug  :RoR2BepInExPack] Harmony ILManipulator static void MiscFixes.ErrorPolice.Harmony.VanillaFixes::CharacterModel_Awake(MonoMod.Cil.ILContext il) added by MiscFixes.dll for: void RoR2.CharacterModel::Awake()
[Debug  :RoR2BepInExPack] Harmony ILManipulator static void MiscFixes.ErrorPolice.Harmony.VanillaFixes::OutsideInteractableLocker_LockLemurianEgg(MonoMod.Cil.ILContext il) added by MiscFixes.dll for: void RoR2.OutsideInteractableLocker::LockLemurianEgg(RoR2.CharacterAI.LemurianEggController egg)
[Debug  :RoR2BepInExPack] Harmony ILManipulator static void MiscFixes.ErrorPolice.Harmony.VanillaFixes::PositionIndicator_UpdatePositions(MonoMod.Cil.ILContext il) added by MiscFixes.dll for: static void RoR2.PositionIndicator::UpdatePositions(RoR2.UICamera uiCamera)
[Debug  :RoR2BepInExPack] Harmony ILManipulator static void MiscFixes.ErrorPolice.Harmony.VanillaFixes::Indicator_SetVisibleInternal(MonoMod.Cil.ILContext il) added by MiscFixes.dll for: void RoR2.Indicator::SetVisibleInternal(bool newVisible)
[Debug  :RoR2BepInExPack] Harmony ILManipulator static void MiscFixes.ErrorPolice.Harmony.VanillaFixes::CrosshairUtils_CrosshairOverrideBehavior_OnDestroy(MonoMod.Cil.ILContext il) added by MiscFixes.dll for: void RoR2.UI.CrosshairUtils+CrosshairOverrideBehavior::OnDestroy()
[Debug  :RoR2BepInExPack] Harmony ILManipulator static void MiscFixes.ErrorPolice.Harmony.VanillaFixes::RuleChoiceController_FindNetworkUser(MonoMod.Cil.ILContext il) added by MiscFixes.dll for: RoR2.NetworkUser RoR2.UI.RuleChoiceController::FindNetworkUser()
[Debug  :RoR2BepInExPack] Harmony Prefix static bool MiscFixes.ErrorPolice.Harmony.VanillaFixes::RewiredIntegrationManager_RefreshJoystickAssignment() added by MiscFixes.dll for: static void RoR2.RewiredIntegrationManager::RefreshJoystickAssignment()
[Debug  :RoR2BepInExPack] Harmony Prefix static void MiscFixes.ErrorPolice.Harmony.VanillaFixes::MeridianEventTriggerInteraction_Awake(RoR2.MeridianEventTriggerInteraction __instance) added by MiscFixes.dll for: void RoR2.MeridianEventTriggerInteraction::Awake()
[Debug  :RoR2BepInExPack] Harmony ILManipulator static void MiscFixes.ErrorPolice.Harmony.VanillaFixes::Frolic_TeleportAroundPlayer(MonoMod.Cil.ILContext il) added by MiscFixes.dll for: void EntityStates.ChildMonster.Frolic::TeleportAroundPlayer()
[Debug  :RoR2BepInExPack] Harmony ILManipulator static void MiscFixes.ErrorPolice.Harmony.VanillaFixes::TeamManager_LongstandingSolitudesInParty(MonoMod.Cil.ILContext il) added by MiscFixes.dll for: static int RoR2.TeamManager::LongstandingSolitudesInParty()
[Debug  :RoR2BepInExPack] Harmony ILManipulator static void MiscFixes.ErrorPolice.Harmony.VanillaFixes::Util_HealthComponentToTransform(MonoMod.Cil.ILContext il) added by MiscFixes.dll for: static UnityEngine.Transform RoR2.Util::HealthComponentToTransform(RoR2.HealthComponent healthComponent)
[Debug  :RoR2BepInExPack] Harmony ILManipulator static void MiscFixes.ErrorPolice.Harmony.VanillaFixes::WhirlWindPersuitCycle_UpdateDecelerate(MonoMod.Cil.ILContext il, MonoMod.Cil.ILLabel retLabel) added by MiscFixes.dll for: void EntityStates.Halcyonite.WhirlWindPersuitCycle::UpdateDecelerate()
[Debug  :RoR2BepInExPack] Harmony ILManipulator static void MiscFixes.ErrorPolice.Harmony.VanillaFixes::MeridiansWillFire_InitializePullInfo(MonoMod.Cil.ILContext il) added by MiscFixes.dll for: void EntityStates.FalseSon.MeridiansWillFire::InitializePullInfo(int hurtboxIndex)
[Debug  :RoR2BepInExPack] Harmony ILManipulator static void MiscFixes.ErrorPolice.Harmony.VanillaFixes::MeridiansWillFire_ApplyForce(MonoMod.Cil.ILContext il) added by MiscFixes.dll for: void EntityStates.FalseSon.MeridiansWillFire::ApplyForce(int hurtBoxIndex)
[Debug  :RoR2BepInExPack] ILHook HarmonyLib.Public.Patching.ManagedMethodPatcher.Manipulator added by assembly: 0Harmony.dll for: RoR2.TemporaryVisualEffect.RebuildVisualComponents
[Debug  :RoR2BepInExPack] ILHook HarmonyLib.Public.Patching.ManagedMethodPatcher.Manipulator added by assembly: 0Harmony.dll for: RoR2.Achievements.Chef.RolyPolyHitFiveAirEnemies+RolyPolyHitFiveAirEnemiesServerAchievement.GetCharacterMotor
[Debug  :RoR2BepInExPack] ILHook HarmonyLib.Public.Patching.ManagedMethodPatcher.Manipulator added by assembly: 0Harmony.dll for: RoR2.AffixAurelioniteBehavior.Update
[Debug  :RoR2BepInExPack] ILHook HarmonyLib.Public.Patching.ManagedMethodPatcher.Manipulator added by assembly: 0Harmony.dll for: RoR2.CharacterBody.<HandleDisableAllSkillsDebuff>g__HandleSkillDisableState|389_0
[Debug  :RoR2BepInExPack] ILHook HarmonyLib.Public.Patching.ManagedMethodPatcher.Manipulator added by assembly: 0Harmony.dll for: RoR2.CharacterBody.TryGiveFreeUnlockWhenLevelUp
[Debug  :RoR2BepInExPack] ILHook HarmonyLib.Public.Patching.ManagedMethodPatcher.Manipulator added by assembly: 0Harmony.dll for: RoR2.Orbs.VineOrb.OnArrival
[Debug  :RoR2BepInExPack] ILHook HarmonyLib.Public.Patching.ManagedMethodPatcher.Manipulator added by assembly: 0Harmony.dll for: RoR2.Projectile.ProjectileController.Start
[Debug  :RoR2BepInExPack] ILHook HarmonyLib.Public.Patching.ManagedMethodPatcher.Manipulator added by assembly: 0Harmony.dll for: RoR2.Stats.StatManager.ProcessGoldEvents
[Debug  :RoR2BepInExPack] ILHook HarmonyLib.Public.Patching.ManagedMethodPatcher.Manipulator added by assembly: 0Harmony.dll for: RoR2.Items.MinionLeashBodyBehavior.OnDisable
[Debug  :RoR2BepInExPack] ILHook HarmonyLib.Public.Patching.ManagedMethodPatcher.Manipulator added by assembly: 0Harmony.dll for: RoR2.ElusiveAntlersPickup.FixedUpdate
[Debug  :RoR2BepInExPack] ILHook HarmonyLib.Public.Patching.ManagedMethodPatcher.Manipulator added by assembly: 0Harmony.dll for: RoR2.ElusiveAntlersPickup.OnShardDestroyed
[Debug  :RoR2BepInExPack] ILHook HarmonyLib.Public.Patching.ManagedMethodPatcher.Manipulator added by assembly: 0Harmony.dll for: RoR2.FogDamageController.EvaluateTeam
[Debug  :RoR2BepInExPack] ILHook HarmonyLib.Public.Patching.ManagedMethodPatcher.Manipulator added by assembly: 0Harmony.dll for: EntityStates.LunarExploderMonster.DeathState.FixedUpdate
[Debug  :RoR2BepInExPack] ILHook HarmonyLib.Public.Patching.ManagedMethodPatcher.Manipulator added by assembly: 0Harmony.dll for: RoR2.RouletteChestController+Idle.OnEnter
[Debug  :RoR2BepInExPack] ILHook HarmonyLib.Public.Patching.ManagedMethodPatcher.Manipulator added by assembly: 0Harmony.dll for: RoR2.Interactor.FindBestInteractableObject
[Warning: Unity Log] Layer "SplitscreenPlayerMain" is defined in this project's "Tags and Layers" settings but is not defined in LayerIndex!
[Warning: Unity Log] Layer "SplitscreenPlayer2" is defined in this project's "Tags and Layers" settings but is not defined in LayerIndex!
[Warning: Unity Log] Layer "SplitscreenPlayer3" is defined in this project's "Tags and Layers" settings but is not defined in LayerIndex!
[Warning: Unity Log] Layer "SplitscreenPlayer4" is defined in this project's "Tags and Layers" settings but is not defined in LayerIndex!
[Debug  :RoR2BepInExPack] ILHook HarmonyLib.Public.Patching.ManagedMethodPatcher.Manipulator added by assembly: 0Harmony.dll for: EntityStates.Duplicator.Duplicating.DropDroplet
[Debug  :RoR2BepInExPack] ILHook HarmonyLib.Public.Patching.ManagedMethodPatcher.Manipulator added by assembly: 0Harmony.dll for: RoR2.DetachParticleOnDestroyAndEndEmission.OnDisable
[Debug  :RoR2BepInExPack] ILHook HarmonyLib.Public.Patching.ManagedMethodPatcher.Manipulator added by assembly: 0Harmony.dll for: RoR2.CharacterModel.Awake
[Debug  :RoR2BepInExPack] ILHook HarmonyLib.Public.Patching.ManagedMethodPatcher.Manipulator added by assembly: 0Harmony.dll for: RoR2.OutsideInteractableLocker.LockLemurianEgg
[Debug  :RoR2BepInExPack] ILHook HarmonyLib.Public.Patching.ManagedMethodPatcher.Manipulator added by assembly: 0Harmony.dll for: RoR2.PositionIndicator.UpdatePositions
[Debug  :RoR2BepInExPack] ILHook HarmonyLib.Public.Patching.ManagedMethodPatcher.Manipulator added by assembly: 0Harmony.dll for: RoR2.Indicator.SetVisibleInternal
[Debug  :RoR2BepInExPack] ILHook HarmonyLib.Public.Patching.ManagedMethodPatcher.Manipulator added by assembly: 0Harmony.dll for: RoR2.UI.CrosshairUtils+CrosshairOverrideBehavior.OnDestroy
[Debug  :RoR2BepInExPack] ILHook HarmonyLib.Public.Patching.ManagedMethodPatcher.Manipulator added by assembly: 0Harmony.dll for: RoR2.UI.RuleChoiceController.FindNetworkUser
[Debug  :RoR2BepInExPack] ILHook HarmonyLib.Public.Patching.ManagedMethodPatcher.Manipulator added by assembly: 0Harmony.dll for: RoR2.RewiredIntegrationManager.RefreshJoystickAssignment
[Debug  :RoR2BepInExPack] ILHook HarmonyLib.Public.Patching.ManagedMethodPatcher.Manipulator added by assembly: 0Harmony.dll for: RoR2.MeridianEventTriggerInteraction.Awake
[Debug  :RoR2BepInExPack] ILHook HarmonyLib.Public.Patching.ManagedMethodPatcher.Manipulator added by assembly: 0Harmony.dll for: EntityStates.ChildMonster.Frolic.TeleportAroundPlayer
[Debug  :RoR2BepInExPack] ILHook HarmonyLib.Public.Patching.ManagedMethodPatcher.Manipulator added by assembly: 0Harmony.dll for: RoR2.TeamManager.LongstandingSolitudesInParty
[Debug  :RoR2BepInExPack] ILHook HarmonyLib.Public.Patching.ManagedMethodPatcher.Manipulator added by assembly: 0Harmony.dll for: RoR2.Util.HealthComponentToTransform
[Debug  :RoR2BepInExPack] ILHook HarmonyLib.Public.Patching.ManagedMethodPatcher.Manipulator added by assembly: 0Harmony.dll for: EntityStates.Halcyonite.WhirlWindPersuitCycle.UpdateDecelerate
[Debug  :RoR2BepInExPack] ILHook HarmonyLib.Public.Patching.ManagedMethodPatcher.Manipulator added by assembly: 0Harmony.dll for: EntityStates.FalseSon.MeridiansWillFire.InitializePullInfo
[Debug  :RoR2BepInExPack] ILHook HarmonyLib.Public.Patching.ManagedMethodPatcher.Manipulator added by assembly: 0Harmony.dll for: EntityStates.FalseSon.MeridiansWillFire.ApplyForce
[Info   :   BepInEx] TS Manifest: RiskofThunder-R2API_Networking-1.0.3
[Info   :   BepInEx] Loading [R2API.Networking 1.0.3]
[Info   :   BepInEx] TS Manifest: Bubbet-NetworkedTimedBuffs-1.0.3
[Info   :   BepInEx] Loading [Networked Timed Buffs 1.0.3]
[Debug  :RoR2BepInExPack] Harmony ILManipulator static void NetworkedTimedBuffs.HarmonyPatches::UpdateTimedBuffsForEveryone(MonoMod.Cil.ILContext il) added by NetworkedTimedBuffs.dll for: void RoR2.CharacterBody::FixedUpdate()
[Debug  :RoR2BepInExPack] Harmony ILManipulator static void NetworkedTimedBuffs.HarmonyPatches::AllowEveryoneToUpdate(MonoMod.Cil.ILContext il) added by NetworkedTimedBuffs.dll for: void RoR2.CharacterBody::UpdateBuffs(float deltaTime)
[Debug  :RoR2BepInExPack] Harmony ILManipulator static void NetworkedTimedBuffs.HarmonyPatches::AddTimedBuffRefresh2(MonoMod.Cil.ILContext il) added by NetworkedTimedBuffs.dll for: void RoR2.CharacterBody::AddTimedBuff(RoR2.BuffDef buffDef, float duration)
[Debug  :RoR2BepInExPack] Harmony ILManipulator static void NetworkedTimedBuffs.HarmonyPatches::AddTimedBuffRefresh(MonoMod.Cil.ILContext il) added by NetworkedTimedBuffs.dll for: void RoR2.CharacterBody::AddTimedBuff(RoR2.BuffDef buffDef, float duration, int maxStacks)
[Debug  :RoR2BepInExPack] ILHook HarmonyLib.Public.Patching.ManagedMethodPatcher.Manipulator added by assembly: 0Harmony.dll for: RoR2.CharacterBody.FixedUpdate
[Debug  :RoR2BepInExPack] ILHook HarmonyLib.Public.Patching.ManagedMethodPatcher.Manipulator added by assembly: 0Harmony.dll for: RoR2.CharacterBody.UpdateBuffs
[Debug  :RoR2BepInExPack] ILHook HarmonyLib.Public.Patching.ManagedMethodPatcher.Manipulator added by assembly: 0Harmony.dll for: RoR2.CharacterBody.AddTimedBuff
[Debug  :RoR2BepInExPack] ILHook HarmonyLib.Public.Patching.ManagedMethodPatcher.Manipulator added by assembly: 0Harmony.dll for: RoR2.CharacterBody.AddTimedBuff
[Debug  :RoR2BepInExPack] ILHook HarmonyLib.Public.Patching.ManagedMethodPatcher.Manipulator added by assembly: 0Harmony.dll for: System.Collections.Generic.List`1[[RoR2.CharacterBody+TimedBuff, RoR2, Version=0.0.0.0, Culture=neutral, PublicKeyToken=null]].Add
[Debug  :RoR2BepInExPack] ILHook HarmonyLib.Public.Patching.ManagedMethodPatcher.Manipulator added by assembly: 0Harmony.dll for: System.Collections.Generic.List`1[[RoR2.CharacterBody+TimedBuff, RoR2, Version=0.0.0.0, Culture=neutral, PublicKeyToken=null]].RemoveAt
[Error  : Unity Log] NullReferenceException: Null method for bubbet.networkedtimedbuffs
Stack trace:
HarmonyLib.PatchProcessor.Patch () (at <474744d65d8e460fa08cd5fd82b5d65f>:IL_001D)
HarmonyLib.Harmony.Patch (System.Reflection.MethodBase original, HarmonyLib.HarmonyMethod prefix, HarmonyLib.HarmonyMethod postfix, HarmonyLib.HarmonyMethod transpiler, HarmonyLib.HarmonyMethod finalizer, HarmonyLib.HarmonyMethod ilmanipulator) (at <474744d65d8e460fa08cd5fd82b5d65f>:IL_0031)
NetworkedTimedBuffs.NetworkedTimedBuffsPlugin.Awake () (at <cdc095b80c9f4c48b11b3629be0ad7af>:IL_013C)
UnityEngine.GameObject:AddComponent(Type)
BepInEx.Bootstrap.Chainloader:Start()
RoR2.Console:.cctor()

[Info   :   BepInEx] TS Manifest: RiskofThunder-R2API_ArtifactCode-1.0.1
[Info   :   BepInEx] Loading [R2API.ArtifactCode 1.0.1]
[Info   :   BepInEx] TS Manifest: RiskofThunder-R2API_CommandHelper-1.0.2
[Info   :   BepInEx] Loading [R2API.CommandHelper 1.0.2]
[Info   :   BepInEx] TS Manifest: RiskofThunder-R2API_ContentManagement-1.0.10
[Info   :   BepInEx] Loading [R2API.ContentManagement 1.0.10]
[Debug  :RoR2BepInExPack] ILHook R2API.GameModeFixes.AddModdedGameModesToMultiplayer modifier by assembly: R2API.ContentManagement.dll for: RoR2.UI.MainMenu.MultiplayerMenuController.BuildGameModeChoices
[Debug  :RoR2BepInExPack] OnHook R2API.GameModeFixes.SortGameModes added by assembly: R2API.ContentManagement.dll for: RoR2.GameModeCatalog.SetGameModes
[Debug  :RoR2BepInExPack] OnHook R2API.GameModeFixes.AddGameModeButton added by assembly: R2API.ContentManagement.dll for: RoR2.UI.LanguageTextMeshController.Start
[Info   :   BepInEx] TS Manifest: RiskofThunder-R2API_DamageType-1.1.7
[Info   :   BepInEx] Loading [R2API.DamageType 1.1.7]
[Info   :   BepInEx] TS Manifest: RiskofThunder-R2API_Deployable-1.0.1
[Info   :   BepInEx] Loading [R2API.Deployable 1.0.1]
[Info   :   BepInEx] TS Manifest: RiskofThunder-R2API_Difficulty-1.1.2
[Info   :   BepInEx] Loading [R2API.Difficulty 1.1.2]
[Debug  :RoR2BepInExPack] OnHook R2API.DifficultyAPI.GetExtendedDifficultyDef added by assembly: R2API.Difficulty.dll for: RoR2.DifficultyCatalog.GetDifficultyDef
[Debug  :RoR2BepInExPack] OnHook R2API.DifficultyAPI.InitialiseRuleBookAndFinalizeList added by assembly: R2API.Difficulty.dll for: RoR2.RuleDef.FromDifficulty
[Info   :   BepInEx] TS Manifest: RiskofThunder-R2API_Director-2.3.5
[Info   :   BepInEx] Loading [R2API.Director 2.3.5]
[Debug  :RoR2BepInExPack] OnHook R2API.DirectorAPI.ApplyChangesOnStart added by assembly: R2API.Director.dll for: RoR2.ClassicStageInfo.Start
[Debug  :RoR2BepInExPack] ILHook R2API.DirectorAPI.SwapVanillaDccsWithOurs modifier by assembly: R2API.Director.dll for: RoR2.ClassicStageInfo.HandleMixEnemyArtifact
[Debug  :RoR2BepInExPack] OnHook R2API.DirectorAPI.InitStageEnumToSceneDefs added by assembly: R2API.Director.dll for: RoR2.SceneCatalog.Init
[Info   :   BepInEx] TS Manifest: RiskofThunder-R2API_Dot-1.0.4
[Info   :   BepInEx] Loading [R2API.Dot 1.0.4]
[Info   :   BepInEx] TS Manifest: RiskofThunder-R2API_Elites-1.0.7
[Info   :   BepInEx] Loading [R2API.Elites 1.0.7]
[Debug  :R2API.Elites] EliteAPI.cctor finished.
[Debug  :RoR2BepInExPack] ILHook R2API.EliteAPI.RetrieveVanillaEliteTierCount modifier by assembly: R2API.Elites.dll for: RoR2.CombatDirector.Init
[Debug  :RoR2BepInExPack] OnHook R2API.EliteAPI.UseOurCombatDirectorInitInstead added by assembly: R2API.Elites.dll for: RoR2.CombatDirector.Init
[Debug  :RoR2BepInExPack] ILHook R2API.EliteRamp.UpdateRampProperly modifier by assembly: R2API.Elites.dll for: RoR2.CharacterModel.UpdateMaterials
[Info   :   BepInEx] TS Manifest: RiskofThunder-R2API_Items-1.0.7
[Info   :   BepInEx] Loading [R2API.Items 1.0.7]
[Info   :   BepInEx] TS Manifest: RiskofThunder-R2API_Language-1.0.1
[Info   :   BepInEx] Loading [R2API.Language 1.0.1]
[Debug  :RoR2BepInExPack] OnHook R2API.LanguageAPI.Language_GetLocalizedStringByToken added by assembly: R2API.Language.dll for: RoR2.Language.GetLocalizedStringByToken
[Debug  :RoR2BepInExPack] OnHook R2API.LanguageAPI.Language_TokenIsRegistered added by assembly: R2API.Language.dll for: RoR2.Language.TokenIsRegistered
[Info   :   BepInEx] TS Manifest: RiskofThunder-R2API_Skins-1.2.1
[Info   :   BepInEx] Loading [R2API.Skins 1.2.1]
[Debug  :RoR2BepInExPack] OnHook R2API.SkinIDRS.SetCustomIDRS added by assembly: R2API.Skins.dll for: RoR2.ModelSkinController.ApplySkin
[Debug  :RoR2BepInExPack] OnHook R2API.SkinVFX.ApplyModifier added by assembly: R2API.Skins.dll for: RoR2.EffectComponent.Start
[Debug  :RoR2BepInExPack] OnHook R2API.SkinVFX.ApplyReplacement added by assembly: R2API.Skins.dll for: RoR2.EffectManager.SpawnEffect
[Debug  :RoR2BepInExPack] ILHook R2API.SkinVFX.ModifyBulletAttack modifier by assembly: R2API.Skins.dll for: RoR2.BulletAttack.FireSingle
[Debug  :RoR2BepInExPack] ILHook R2API.SkinVFX.ModifyMuzzleFlash modifier by assembly: R2API.Skins.dll for: RoR2.EffectManager.SimpleMuzzleFlash
[Debug  :RoR2BepInExPack] OnHook R2API.SkinVFX.ModifyGenericMelee added by assembly: R2API.Skins.dll for: EntityStates.BasicMeleeAttack.BeginMeleeAttackEffect
[Debug  :RoR2BepInExPack] ILHook R2API.SkinVFX.ModifyGenericOrb modifier by assembly: R2API.Skins.dll for: RoR2.Orbs.GenericDamageOrb.Begin
[Info   :   BepInEx] TS Manifest: RiskofThunder-R2API_Loadout-1.0.2
[Info   :   BepInEx] Loading [R2API.Loadout 1.0.2]
[Info   :   BepInEx] TS Manifest: RiskofThunder-R2API_LobbyConfig-1.0.1
[Info   :   BepInEx] Loading [R2API.LobbyConfig 1.0.1]
[Info   :   BepInEx] TS Manifest: RiskofThunder-R2API_Orb-1.0.1
[Info   :   BepInEx] Loading [R2API.Orb 1.0.1]
[Info   :   BepInEx] TS Manifest: RiskofThunder-R2API_Prefab-1.1.0
[Info   :   BepInEx] Loading [R2API.Prefab 1.1.0]
[Info   :   BepInEx] TS Manifest: RiskofThunder-R2API_RecalculateStats-1.6.0
[Info   :   BepInEx] Loading [R2API.RecalculateStats 1.6.0]
[Info   :   BepInEx] TS Manifest: RiskofThunder-R2API_SceneAsset-1.1.2
[Info   :   BepInEx] Loading [R2API.SceneAsset 1.1.2]
[Info   :   BepInEx] TS Manifest: RiskofThunder-R2API_Sound-1.0.3
[Info   :   BepInEx] Loading [R2API.Sound 1.0.3]
[Debug  :RoR2BepInExPack] OnHook R2API.SoundAPI.AddBanksAfterEngineInit added by assembly: R2API.Sound.dll for: AkSoundEngineInitialization.InitializeSoundEngine
[Debug  :RoR2BepInExPack] OnHook R2API.SoundAPI+Music.AddCustomMusicDatas added by assembly: R2API.Sound.dll for: AkSoundEngineInitialization.InitializeSoundEngine
[Debug  :RoR2BepInExPack] OnHook R2API.SoundAPI+Music.EnableCustomMusicSystems added by assembly: R2API.Sound.dll for: RoR2.MusicController.StartIntroMusic
[Debug  :RoR2BepInExPack] OnHook R2API.SoundAPI+Music.IsGameMusicBankInUse added by assembly: R2API.Sound.dll for: RoR2.MusicController.UpdateState
[Debug  :RoR2BepInExPack] ILHook R2API.SoundAPI+Music.PauseMusicIfGameMusicBankNotInUse modifier by assembly: R2API.Sound.dll for: RoR2.MusicController.LateUpdate
[Info   :   BepInEx] TS Manifest: RiskofThunder-R2API_TempVisualEffect-1.0.3
[Info   :   BepInEx] Loading [R2API.TempVisualEffect 1.0.3]
[Info   :   BepInEx] TS Manifest: RiskofThunder-R2API_Unlockable-1.0.2
[Info   :   BepInEx] Loading [R2API.Unlockable 1.0.2]
[Info   :   BepInEx] TS Manifest: RiskofThunder-R2API_Core-5.1.6
[Info   :   BepInEx] Loading [R2API 5.1.6]
[Debug  :RoR2BepInExPack] OnHook R2API.R2API.CheckIfUsedOnRightGameVersion added by assembly: R2API.Core.dll for: RoR2.RoR2Application.Awake
[Info   :   BepInEx] TS Manifest: cbrl-ShrineOfDisorder-1.1.5
[Info   :   BepInEx] Loading [ShrineOfDisorder 1.0.0]
[Debug  :RoR2BepInExPack] OnHook ShrineOfDisorder.ShrineOfDisorder.Run_Start added by assembly: ShrineOfDisorder.dll for: RoR2.Run.Start
[Debug  :RoR2BepInExPack] OnHook ShrineOfDisorder.ShrineOfDisorder.<Awake>b__10_0 added by assembly: ShrineOfDisorder.dll for: RoR2.Inventory.ShrineRestackInventory
[Info   :ShrineOfDisorder] Awake done.
[Info   :   BepInEx] TS Manifest: RiskofThunder-R2API_Addressables-1.0.4
[Info   :   BepInEx] Loading [R2API.Addressables 1.0.4]
[Info   :   BepInEx] TS Manifest: RiskofThunder-R2API_Colors-1.0.3
[Info   :   BepInEx] Loading [R2API.Colors 1.0.3]
[Info   :   BepInEx] TS Manifest: RiskofThunder-R2API_ProcType-1.0.2
[Info   :   BepInEx] Loading [R2API.ProcType 1.0.2]
[Info   :   BepInEx] TS Manifest: DestroyedClone-SpawnPointMover-1.0.1
[Info   :   BepInEx] Loading [SpawnPointMover 1.0.1]
[Info   :   BepInEx] TS Manifest: FunkFrog-and-Sipondo-ShareSuite-2.9.0
[Info   :   BepInEx] Loading [ShareSuite 2.9.0]
[Debug  :RoR2BepInExPack] OnHook R2API.Utils.CommandHelper.ConsoleReady added by assembly: R2API.CommandHelper.dll for: RoR2.Console.InitConVarsCoroutine
[Debug  :RoR2BepInExPack] OnHook ShareSuite.GeneralHooks.BossGroup_DropRewards added by assembly: ShareSuite.dll for: RoR2.BossGroup.DropRewards
[Debug  :RoR2BepInExPack] OnHook ShareSuite.GeneralHooks.InteractibleCreditOverride added by assembly: ShareSuite.dll for: RoR2.SceneDirector.PlaceTeleporter
[Debug  :RoR2BepInExPack] OnHook ShareSuite.GeneralHooks.OverrideBossLootScaling added by assembly: ShareSuite.dll for: RoR2.TeleporterInteraction.OnInteractionBegin
[Debug  :RoR2BepInExPack] OnHook ShareSuite.GeneralHooks.SetSacrificeOffset added by assembly: ShareSuite.dll for: RoR2.Artifacts.SacrificeArtifactManager.OnPrePopulateSceneServer
[Debug  :RoR2BepInExPack] OnHook ShareSuite.GeneralHooks.GetExpAdjustedDropChancePercent added by assembly: ShareSuite.dll for: RoR2.Util.GetExpAdjustedDropChancePercent
[Debug  :RoR2BepInExPack] OnHook ShareSuite.MoneySharingHooks.ResetClassValues added by assembly: ShareSuite.dll for: RoR2.SceneDirector.Start
[Debug  :RoR2BepInExPack] OnHook ShareSuite.MoneySharingHooks.BrittleCrownDamageHook added by assembly: ShareSuite.dll for: RoR2.HealthComponent.TakeDamage
[Debug  :RoR2BepInExPack] OnHook ShareSuite.MoneySharingHooks.BrittleCrownOnHitHook added by assembly: ShareSuite.dll for: RoR2.GlobalEventManager.OnHitEnemy
[Debug  :RoR2BepInExPack] OnHook ShareSuite.MoneySharingHooks.ShareKillMoney added by assembly: ShareSuite.dll for: RoR2.DeathRewards.OnKilledServer
[Debug  :RoR2BepInExPack] OnHook ShareSuite.MoneySharingHooks.ShareBarrelMoney added by assembly: ShareSuite.dll for: RoR2.BarrelInteraction.OnInteractionBegin
[Debug  :RoR2BepInExPack] OnHook ShareSuite.MoneySharingHooks.ShareTomeMoney added by assembly: ShareSuite.dll for: RoR2.MoneyPickup.OnTriggerStay
[Debug  :RoR2BepInExPack] OnHook ShareSuite.MoneySharingHooks.SplitExitMoney added by assembly: ShareSuite.dll for: RoR2.SceneExitController.Begin
[Debug  :RoR2BepInExPack] OnHook ShareSuite.MoneySharingHooks.OnShopPurchase added by assembly: ShareSuite.dll for: RoR2.PurchaseInteraction.OnInteractionBegin
[Debug  :RoR2BepInExPack] OnHook ShareSuite.MoneySharingHooks.GoldGatFireHook added by assembly: ShareSuite.dll for: EntityStates.GoldGat.GoldGatFire.FireBullet
[Debug  :RoR2BepInExPack] OnHook ShareSuite.MoneySharingHooks.GoldGatConnect added by assembly: ShareSuite.dll for: RoR2.Networking.NetworkManagerSystem.OnClientConnect
[Debug  :RoR2BepInExPack] OnHook ShareSuite.MoneySharingHooks.GoldGatDisconnect added by assembly: ShareSuite.dll for: RoR2.Networking.NetworkManagerSystem.OnClientDisconnect
[Debug  :RoR2BepInExPack] OnHook ShareSuite.MoneySharingHooks.RollOfPenniesDamageHook added by assembly: ShareSuite.dll for: RoR2.HealthComponent.TakeDamage
[Debug  :RoR2BepInExPack] ILHook ShareSuite.MoneySharingHooks.RemoveGoldGatMoneyLine modifier by assembly: ShareSuite.dll for: EntityStates.GoldGat.GoldGatFire.FireBullet
[Debug  :RoR2BepInExPack] OnHook ShareSuite.ItemSharingHooks.OnShopPurchase added by assembly: ShareSuite.dll for: RoR2.PurchaseInteraction.OnInteractionBegin
[Debug  :RoR2BepInExPack] OnHook ShareSuite.ItemSharingHooks.OnPurchaseDrop added by assembly: ShareSuite.dll for: RoR2.ShopTerminalBehavior.DropPickup
[Debug  :RoR2BepInExPack] OnHook ShareSuite.ItemSharingHooks.OnGrantItem added by assembly: ShareSuite.dll for: RoR2.GenericPickupController.AttemptGrant
[Debug  :RoR2BepInExPack] OnHook ShareSuite.ItemSharingHooks.OnScavengerDrop added by assembly: ShareSuite.dll for: EntityStates.ScavBackpack.Opening.OnEnter
[Debug  :RoR2BepInExPack] OnHook ShareSuite.ItemSharingHooks.FixZeroItemCount added by assembly: ShareSuite.dll for: RoR2.Chat+PlayerPickupChatMessage.ConstructChatString
[Debug  :RoR2BepInExPack] OnHook ShareSuite.ItemSharingHooks.ScrappingToIdle_OnEnter added by assembly: ShareSuite.dll for: EntityStates.Scrapper.ScrappingToIdle.OnEnter
[Debug  :RoR2BepInExPack] OnHook ShareSuite.ItemSharingHooks.ItemLock added by assembly: ShareSuite.dll for: RoR2.PickupCatalog.FindPickupIndex
[Debug  :RoR2BepInExPack] ILHook ShareSuite.ItemSharingHooks.ArenaDropEnable modifier by assembly: ShareSuite.dll for: RoR2.ArenaMissionController.EndRound
[Debug  :RoR2BepInExPack] ILHook ShareSuite.ItemSharingHooks.SimulacrumArenaDropEnable modifier by assembly: ShareSuite.dll for: RoR2.InfiniteTowerWaveController.DropRewards
[Debug  :RoR2BepInExPack] OnHook ShareSuite.EquipmentSharingHooks.OnGrantEquipment added by assembly: ShareSuite.dll for: RoR2.GenericPickupController.AttemptGrant
[Debug  :RoR2BepInExPack] OnHook ShareSuite.ChatHandler.RemoveDefaultPickupMessage added by assembly: ShareSuite.dll for: RoR2.GenericPickupController.SendPickupMessage
[Debug  :RoR2BepInExPack] OnHook ShareSuite.ChatHandler.SendIntroMessage added by assembly: ShareSuite.dll for: RoR2.Chat.SendPlayerConnectedMessage
[Info   :   BepInEx] TS Manifest: Dragonyck-RTAutoSprintEx-2.2.3
[Info   :   BepInEx] Loading [RTAutoSprintEx 2.2.3]
[Debug  :RoR2BepInExPack] OnHook RTAutoSprintEx.RTAutoSprintEx+<>c__DisplayClass10_0.<Awake>b__0 added by assembly: RTAutoSprintEx.dll for: RoR2.PlayerCharacterMasterController.FixedUpdate
[Debug  :RoR2BepInExPack] OnHook RTAutoSprintEx.RTAutoSprintEx+<>c__DisplayClass10_0.<Awake>b__1 added by assembly: RTAutoSprintEx.dll for: RoR2.CameraRigController.LateUpdate
[Debug  :RoR2BepInExPack] ILHook RTAutoSprintEx.RTAutoSprintEx+<>c.<Awake>b__10_2 modifier by assembly: RTAutoSprintEx.dll for: RoR2.CameraModes.CameraModePlayerBasic.UpdateInternal
[Debug  :RoR2BepInExPack] ILHook RTAutoSprintEx.RTAutoSprintEx+<>c__DisplayClass10_0.<Awake>b__3 modifier by assembly: RTAutoSprintEx.dll for: RoR2.UI.CrosshairManager.UpdateCrosshair
[Info   :RTAutoSprintEx] Disabling sprinting crosshair:
[Info   :   BepInEx] TS Manifest: KingEnderBrine-ProperSave-2.12.1
[Info   :   BepInEx] Loading [Proper Save 2.12.1]
[Info   :   BepInEx] TS Manifest: MagnusMagnuson-BazaarPrinter-0.3.1
[Info   :   BepInEx] Loading [BazaarPrinter 0.3.1]
[Debug  :RoR2BepInExPack] OnHook BazaarPrinter.BazaarPrinter.BazaarController_Start added by assembly: BazaarPrinter.dll for: RoR2.BazaarController.Awake
[Info   :   BepInEx] TS Manifest: MagnusMagnuson-BiggerBazaar-1.13.14
[Info   :   BepInEx] Loading [BiggerBazaar 1.13.14]
[Debug  :RoR2BepInExPack] OnHook BiggerBazaar.BiggerBazaar.SceneExitController_Begin added by assembly: BiggerBazaar.dll for: RoR2.SceneExitController.Begin
[Debug  :RoR2BepInExPack] OnHook BiggerBazaar.BiggerBazaar.Run_AdvanceStage added by assembly: BiggerBazaar.dll for: RoR2.Run.AdvanceStage
[Debug  :RoR2BepInExPack] OnHook BiggerBazaar.BiggerBazaar.SceneDirector_Start added by assembly: BiggerBazaar.dll for: RoR2.SceneDirector.Start
[Debug  :RoR2BepInExPack] OnHook BiggerBazaar.BiggerBazaar.PickupDisplay_SetPickupIndex added by assembly: BiggerBazaar.dll for: RoR2.PickupDisplay.SetPickupIndex
[Debug  :RoR2BepInExPack] OnHook BiggerBazaar.BiggerBazaar.ChestBehavior_Open added by assembly: BiggerBazaar.dll for: RoR2.ChestBehavior.Open
[Debug  :RoR2BepInExPack] OnHook BiggerBazaar.BiggerBazaar.ChestBehavior_PickFromList added by assembly: BiggerBazaar.dll for: RoR2.ChestBehavior.PickFromList
[Debug  :RoR2BepInExPack] OnHook BiggerBazaar.BiggerBazaar.PurchaseInteraction_OnInteractionBegin added by assembly: BiggerBazaar.dll for: RoR2.PurchaseInteraction.OnInteractionBegin
[Debug  :RoR2BepInExPack] OnHook BiggerBazaar.BiggerBazaar.GenericPickupController_AttemptGrant added by assembly: BiggerBazaar.dll for: RoR2.GenericPickupController.AttemptGrant
[Debug  :RoR2BepInExPack] OnHook BiggerBazaar.BiggerBazaar.FireworkLauncher_FireMissile added by assembly: BiggerBazaar.dll for: RoR2.FireworkLauncher.FireMissile
[Debug  :RoR2BepInExPack] OnHook BiggerBazaar.BiggerBazaar.BazaarController_SetUpSeerStations added by assembly: BiggerBazaar.dll for: RoR2.BazaarController.SetUpSeerStations
[Debug  :RoR2BepInExPack] OnHook BiggerBazaar.BiggerBazaar.HackingMainState_PurchaseInteractionIsValidTarget added by assembly: BiggerBazaar.dll for: EntityStates.CaptainSupplyDrop.HackingMainState.PurchaseInteractionIsValidTarget
[Info   :   BepInEx] TS Manifest: MagnusMagnuson-ShrineOfDio-1.6.6
[Info   :   BepInEx] Loading [ShrineOfDio 1.6.6]
[Debug  :RoR2BepInExPack] OnHook ShrineOfDio.ShrineOfDio.HackingMainState_PurchaseInteractionIsValidTarget added by assembly: ShrineOfDio.dll for: EntityStates.CaptainSupplyDrop.HackingMainState.PurchaseInteractionIsValidTarget
[Debug  :RoR2BepInExPack] OnHook ShrineOfDio.ShrineOfDio.OutsideInteractableLocker_LockPurchasable added by assembly: ShrineOfDio.dll for: RoR2.OutsideInteractableLocker.LockPurchasable
[Debug  :RoR2BepInExPack] OnHook ShrineOfDio.ShrineOfDio.<Awake>b__8_0 added by assembly: ShrineOfDio.dll for: RoR2.SceneDirector.PlaceTeleporter
[Debug  :RoR2BepInExPack] OnHook ShrineOfDio.ShrineOfDio.<Awake>b__8_1 added by assembly: ShrineOfDio.dll for: RoR2.ShrineHealingBehavior.FixedUpdate
[Debug  :RoR2BepInExPack] OnHook ShrineOfDio.ShrineOfDio.<Awake>b__8_2 added by assembly: ShrineOfDio.dll for: RoR2.ShrineHealingBehavior.Awake
[Debug  :RoR2BepInExPack] OnHook ShrineOfDio.ShrineOfDio.<Awake>b__8_3 added by assembly: ShrineOfDio.dll for: RoR2.ShrineHealingBehavior.AddShrineStack
[Debug  :RoR2BepInExPack] OnHook ShrineOfDio.ShrineOfDio.<Awake>b__8_4 added by assembly: ShrineOfDio.dll for: RoR2.PurchaseInteraction.CanBeAffordedByInteractor
[Info   :   BepInEx] TS Manifest: Moffein-AI_Blacklist-1.6.4
[Info   :   BepInEx] Loading [AI Blacklist 1.6.4]
[Debug  :RoR2BepInExPack] OnHook AI_Blacklist.AIBlacklist+<>c.<.ctor>b__2_0 added by assembly: AI_Blacklist.dll for: RoR2.ItemCatalog.Init
[Debug  :RoR2BepInExPack] OnHook AI_Blacklist.VengeanceBlacklist+<>c.<.ctor>b__5_0 added by assembly: AI_Blacklist.dll for: RoR2.ItemCatalog.Init
[Debug  :RoR2BepInExPack] OnHook AI_Blacklist.AIEquipBlacklist+<>c.<.ctor>b__4_0 added by assembly: AI_Blacklist.dll for: RoR2.EquipmentCatalog.Init
[Debug  :RoR2BepInExPack] OnHook AI_Blacklist.MithrixBlacklist.<.ctor>b__4_0 added by assembly: AI_Blacklist.dll for: RoR2.ItemCatalog.Init
[Debug  :RoR2BepInExPack] OnHook AI_Blacklist.MithrixBlacklist+<>c.<.ctor>b__4_1 added by assembly: AI_Blacklist.dll for: RoR2.ItemStealController.FixedUpdate
[Info   :   BepInEx] TS Manifest: Moffein-AssistManager-1.4.0
[Info   :   BepInEx] Loading [AssistManager 1.3.1]
[Debug  :RoR2BepInExPack] OnHook AssistManager.AssistManager.GlobalEventManager_OnCharacterDeath added by assembly: AssistManager.dll for: RoR2.GlobalEventManager.OnCharacterDeath
[Debug  :RoR2BepInExPack] OnHook AssistManager.AssistManager.GlobalEventManager_ProcessHitEnemy added by assembly: AssistManager.dll for: RoR2.GlobalEventManager.ProcessHitEnemy
[Debug  :RoR2BepInExPack] OnHook AssistManager.VanillaTweaks.BanditReset.GlobalEventManager_ProcessHitEnemy added by assembly: AssistManager.dll for: RoR2.GlobalEventManager.ProcessHitEnemy
[Debug  :RoR2BepInExPack] OnHook AssistManager.VanillaTweaks.BanditSkull.GlobalEventManager_ProcessHitEnemy added by assembly: AssistManager.dll for: RoR2.GlobalEventManager.ProcessHitEnemy
[Info   :   BepInEx] TS Manifest: Moffein-DefenseMatrixManager-1.0.3
[Info   :   BepInEx] Loading [DefenseMatrixManager 1.0.3]
[Debug  :RoR2BepInExPack] OnHook DefenseMatrixManager.DefenseMatrixManager.BulletAttack_CheckDefenseMatrix added by assembly: DefenseMatrixManager.dll for: RoR2.BulletAttack.Fire
[Debug  :RoR2BepInExPack] OnHook DefenseMatrixManager.DefenseMatrixManager.BlastAttack_Fire added by assembly: DefenseMatrixManager.dll for: RoR2.BlastAttack.Fire
[Debug  :RoR2BepInExPack] OnHook DefenseMatrixManager.DefenseMatrixManager.BulletAttack_Fire_ReturnHit added by assembly: DefenseMatrixManager.dll for: RoR2.BulletAttack.Fire_ReturnHit
[Debug  :RoR2BepInExPack] OnHook DefenseMatrixManager.DefenseMatrixManager.FireLaser_OnEnter added by assembly: DefenseMatrixManager.dll for: EntityStates.GolemMonster.FireLaser.OnEnter
[Debug  :RoR2BepInExPack] OnHook DefenseMatrixManager.DefenseMatrixManager.LaserFatherBurst_FireBurstLaser added by assembly: DefenseMatrixManager.dll for: EntityStates.FalseSon.LaserFatherBurst.FireBurstLaser
[Debug  :RoR2BepInExPack] OnHook DefenseMatrixManager.DefenseMatrixManager.TriLaser_FireTriLaser added by assembly: DefenseMatrixManager.dll for: EntityStates.Halcyonite.TriLaser.FireTriLaser
[Debug  :RoR2BepInExPack] OnHook DefenseMatrixManager.DefenseMatrixManager.ChargeLaser_Update added by assembly: DefenseMatrixManager.dll for: EntityStates.GolemMonster.ChargeLaser.Update
[Debug  :RoR2BepInExPack] OnHook DefenseMatrixManager.DefenseMatrixManager.ChargeMegaLaser_FixedUpdate added by assembly: DefenseMatrixManager.dll for: EntityStates.TitanMonster.ChargeMegaLaser.FixedUpdate
[Debug  :RoR2BepInExPack] OnHook DefenseMatrixManager.DefenseMatrixManager.FireMegaLaser_FixedUpdate added by assembly: DefenseMatrixManager.dll for: EntityStates.TitanMonster.FireMegaLaser.FixedUpdate
[Debug  :RoR2BepInExPack] OnHook DefenseMatrixManager.DefenseMatrixManager.FireBeam_GetBeamEndPoint added by assembly: DefenseMatrixManager.dll for: EntityStates.EngiTurret.EngiTurretWeapon.FireBeam.GetBeamEndPoint
[Debug  :RoR2BepInExPack] OnHook DefenseMatrixManager.DefenseMatrixManager.ChargeTriLaser_Update added by assembly: DefenseMatrixManager.dll for: EntityStates.Halcyonite.ChargeTriLaser.Update
[Debug  :RoR2BepInExPack] OnHook DefenseMatrixManager.DefenseMatrixManager.LaserFatherCharged_FixedUpdate added by assembly: DefenseMatrixManager.dll for: EntityStates.FalseSon.LaserFatherCharged.FixedUpdate
[Debug  :RoR2BepInExPack] OnHook DefenseMatrixManager.DefenseMatrixManager.LunarGazeLaserCharge_Update added by assembly: DefenseMatrixManager.dll for: EntityStates.PrimeMeridian.LunarGazeLaserCharge.Update
[Debug  :RoR2BepInExPack] OnHook DefenseMatrixManager.DefenseMatrixManager.LunarGazeLaserFire_UpdateTargettingLasers added by assembly: DefenseMatrixManager.dll for: EntityStates.PrimeMeridian.LunarGazeLaserFire.UpdateTargettingLasers
[Debug  :RoR2BepInExPack] OnHook DefenseMatrixManager.DefenseMatrixManager.LunarGazeLaserFire_RetractLasers added by assembly: DefenseMatrixManager.dll for: EntityStates.PrimeMeridian.LunarGazeLaserFire.RetractLasers
[Info   :   BepInEx] TS Manifest: Moffein-EliteReworks-1.15.0
[Info   :   BepInEx] Loading [Elite Reworks 1.15.0]
[Debug  :RoR2BepInExPack] OnHook R2API.PrefabAPI+<>c.<GetParent>b__17_0 added by assembly: R2API.Prefab.dll for: RoR2.Util.IsPrefab
[Info   :R2API.ContentManagement] Created a SerializableContentPack for mod com.Moffein.EliteReworks
[Debug  :RoR2BepInExPack] ILHook EliteReworks.Tweaks.T1.AffixWhite.RemoveGlacialOnHitEffect modifier by assembly: EliteReworks.dll for: RoR2.GlobalEventManager.ProcessHitEnemy
[Debug  :RoR2BepInExPack] ILHook R2API.RecalculateStatsAPI.HookRecalculateStats modifier by assembly: R2API.RecalculateStats.dll for: RoR2.CharacterBody.RecalculateStats
[Debug  :RoR2BepInExPack] ILHook EliteReworks.Tweaks.T1.AffixWhite.Slow80AltOverlay modifier by assembly: EliteReworks.dll for: RoR2.CharacterModel.UpdateOverlays
[Debug  :RoR2BepInExPack] ILHook EliteReworks.Tweaks.T1.AffixBlue.RemoveVanillaOverloadingOnHit modifier by assembly: EliteReworks.dll for: RoR2.GlobalEventManager.OnHitAllProcess
[Debug  :RoR2BepInExPack] ILHook EliteReworks.Tweaks.T1.AffixBlue.RemoveShields modifier by assembly: EliteReworks.dll for: RoR2.CharacterBody.RecalculateStats
[Debug  :RoR2BepInExPack] OnHook EliteReworks.Tweaks.T1.AffixRed+<>c.<Setup>b__1_0 added by assembly: EliteReworks.dll for: RoR2.CharacterBody.UpdateFireTrail
[Debug  :RoR2BepInExPack] OnHook EliteReworks.Tweaks.T2.AffixHaunted.FixGhostGupSplit added by assembly: EliteReworks.dll for: EntityStates.Gup.BaseSplitDeath.OnEnter
[Debug  :RoR2BepInExPack] OnHook EliteReworks.Tweaks.T2.AffixHaunted+<>c.<DisableBubble>b__10_0 added by assembly: EliteReworks.dll for: RoR2.CharacterBody+AffixHauntedBehavior.FixedUpdate
[Debug  :RoR2BepInExPack] OnHook EliteReworks.Tweaks.T2.AffixHaunted.ReviveAsGhost added by assembly: EliteReworks.dll for: RoR2.GlobalEventManager.OnCharacterDeath
[Debug  :RoR2BepInExPack] ILHook EliteReworks.Tweaks.T2.AffixHaunted+<>c.<StealBuffVFX>b__12_0 modifier by assembly: EliteReworks.dll for: RoR2.CharacterBody.UpdateAllTemporaryVisualEffects
[Debug  :RoR2BepInExPack] ILHook EliteReworks.Tweaks.T2.AffixHaunted+<>c.<StealBuffVFX>b__12_1 modifier by assembly: EliteReworks.dll for: RoR2.CharacterModel.UpdateOverlays
[Debug  :RoR2BepInExPack] ILHook EliteReworks.Tweaks.T2.AffixHaunted.HauntedChangeOnHitEffect modifier by assembly: EliteReworks.dll for: RoR2.GlobalEventManager.ProcessHitEnemy
[Debug  :RoR2BepInExPack] OnHook EliteReworks.Tweaks.T2.AffixHaunted.GlobalEventManager_ProcessHitEnemy added by assembly: EliteReworks.dll for: RoR2.GlobalEventManager.ProcessHitEnemy
[Debug  :RoR2BepInExPack] OnHook R2API.DamageAPI.WriteDamageInfo added by assembly: R2API.DamageType.dll for: RoR2.NetworkExtensions.Write
[Debug  :RoR2BepInExPack] OnHook R2API.DamageAPI.ReadDamageInfo added by assembly: R2API.DamageType.dll for: RoR2.NetworkExtensions.ReadDamageInfo
[Debug  :RoR2BepInExPack] OnHook R2API.DamageAPI.WriteDamageType added by assembly: R2API.DamageType.dll for: RoR2.NetworkExtensions.WriteDamageType
[Debug  :RoR2BepInExPack] OnHook R2API.DamageAPI.ReadDamageType added by assembly: R2API.DamageType.dll for: RoR2.NetworkExtensions.ReadDamageType
[Debug  :RoR2BepInExPack] OnHook R2API.DamageAPI.ReadDamageTypeCombo added by assembly: R2API.DamageType.dll for: Unity.GeneratedNetworkCode._ReadDamageTypeCombo_None
[Debug  :RoR2BepInExPack] OnHook R2API.DamageAPI.WriteDamageTypeCombo added by assembly: R2API.DamageType.dll for: Unity.GeneratedNetworkCode._WriteDamageTypeCombo_None
[Debug  :RoR2BepInExPack] OnHook R2API.DamageAPI.CrocoDamageTypeControllerGetDamageType added by assembly: R2API.DamageType.dll for: RoR2.CrocoDamageTypeController.GetDamageType
[Debug  :RoR2BepInExPack] ILHook R2API.DamageAPI.ProjectileManagerInitializeProjectile modifier by assembly: R2API.DamageType.dll for: RoR2.Projectile.ProjectileManager.InitializeProjectile
[Debug  :RoR2BepInExPack] OnHook R2API.DamageAPI.DamageTypeComboOpBitwiseOr added by assembly: R2API.DamageType.dll for: RoR2.DamageTypeCombo.op_BitwiseAnd
[Debug  :RoR2BepInExPack] OnHook R2API.DamageAPI.DamageTypeComboOpBitwiseOr added by assembly: R2API.DamageType.dll for: RoR2.DamageTypeCombo.op_BitwiseOr
[Warning:R2API.ContentManagement] Projectile MoffeinEliteReworksPoisonStakeProjectile (UnityEngine.GameObject) has no ghost prefab assigned! is this intentional?
[Debug  :RoR2BepInExPack] OnHook EliteReworks.Tweaks.T2.AffixPoison+<>c.<Setup>b__9_0 added by assembly: EliteReworks.dll for: RoR2.CharacterBody.UpdateAffixPoison
[Debug  :RoR2BepInExPack] OnHook EliteReworks.Tweaks.T2.AffixPoison+<>c.<SetupDebuff>b__10_0 added by assembly: EliteReworks.dll for: RoR2.HealthComponent.Heal
[Debug  :RoR2BepInExPack] OnHook EliteReworks.Tweaks.T2.AffixPoison+<>c.<SetupDebuff>b__10_1 added by assembly: EliteReworks.dll for: RoR2.CharacterBody.AddBuff
[Debug  :RoR2BepInExPack] OnHook EliteReworks.Tweaks.DLC1.EliteEarth+<>c.<Setup>b__0_0 added by assembly: EliteReworks.dll for: RoR2.AffixEarthBehavior.FixedUpdate
[Debug  :RoR2BepInExPack] ILHook EliteReworks.Tweaks.DLC1.EliteVoid.RemoveVanillaVoidEliteCollapse modifier by assembly: EliteReworks.dll for: RoR2.GlobalEventManager.ProcessHitEnemy
[Debug  :RoR2BepInExPack] OnHook EliteReworks.Tweaks.DLC1.EliteVoid.TweakNullify added by assembly: EliteReworks.dll for: RoR2.CharacterBody.AddTimedBuff
[Debug  :RoR2BepInExPack] ILHook EliteReworks.Tweaks.DLC2.AffixBead.AffixBeadAttachment_FireProjectile modifier by assembly: EliteReworks.dll for: RoR2.AffixBeadAttachment.FireProjectile
[Debug  :RoR2BepInExPack] ILHook EliteReworks.Tweaks.DLC2.AffixGilded.AffixAurelioniteBehavior_FireAurelioniteAttack modifier by assembly: EliteReworks.dll for: RoR2.AffixAurelioniteBehavior.FireAurelioniteAttack
[Debug  :RoR2BepInExPack] OnHook EliteReworks.Tweaks.DLC2.AffixGilded.ShockState_OnEnter added by assembly: EliteReworks.dll for: EntityStates.ShockState.OnEnter
[Debug  :RoR2BepInExPack] OnHook EliteReworks.Tweaks.DLC2.AffixGilded.FrozenState_OnEnter added by assembly: EliteReworks.dll for: EntityStates.FrozenState.OnEnter
[Debug  :RoR2BepInExPack] OnHook EliteReworks.Tweaks.DLC2.AffixGilded.StunState_OnEnter added by assembly: EliteReworks.dll for: EntityStates.StunState.OnEnter
[Debug  :RoR2BepInExPack] OnHook EliteReworks.Tweaks.DLC2.AffixGilded.StunState_ExtendStun added by assembly: EliteReworks.dll for: EntityStates.StunState.ExtendStun
[Debug  :RoR2BepInExPack] OnHook EliteReworks.Tweaks.DLC2.AffixGilded.AffixAurelioniteBehavior_StealMoneyWithFX added by assembly: EliteReworks.dll for: RoR2.AffixAurelioniteBehavior.StealMoneyWithFX
[Debug  :RoR2BepInExPack] OnHook EliteReworks.SharedHooks.AddBuff.AddEliteComponents added by assembly: EliteReworks.dll for: RoR2.CharacterBody.AddBuff
[Debug  :RoR2BepInExPack] OnHook EliteReworks.SharedHooks.OnHitAll.TriggerOnHitAllEffects added by assembly: EliteReworks.dll for: RoR2.GlobalEventManager.OnHitAllProcess
[Debug  :RoR2BepInExPack] OnHook EliteReworks.SharedHooks.TakeDamage.HealthComponent_TakeDamage added by assembly: EliteReworks.dll for: RoR2.HealthComponent.TakeDamageProcess
[Debug  :RoR2BepInExPack] OnHook EliteReworks.SharedHooks.RecalculateStats.CharacterBody_RecalculateStats added by assembly: EliteReworks.dll for: RoR2.CharacterBody.RecalculateStats
[Debug  :RoR2BepInExPack] OnHook EliteReworks.Tweaks.ModifyEliteTiers.CombatDirector_Init added by assembly: EliteReworks.dll for: RoR2.CombatDirector.Init
[Info   :   BepInEx] TS Manifest: Moffein-EnigmaBlacklist-1.0.4
[Info   :   BepInEx] Loading [Enigma Blacklist 1.0.4]
[Debug  :RoR2BepInExPack] OnHook EnigmaBlacklist.EnigmaBlacklist+<>c.<Awake>b__7_0 added by assembly: EnigmaBlacklist.dll for: RoR2.EquipmentCatalog.Init
[Debug  :RoR2BepInExPack] OnHook EnigmaBlacklist.EnigmaBlacklist+<>c.<Awake>b__7_1 added by assembly: EnigmaBlacklist.dll for: RoR2.Artifacts.EnigmaArtifactManager.OnRunStartGlobal
[Info   :   BepInEx] TS Manifest: Rune580-Risk_Of_Options-2.8.4
[Info   :   BepInEx] Loading [RiskOfOptions 2.8.4]
[Debug  :RoR2BepInExPack] OnHook RiskOfOptions.Lib.LanguageApi.GetLocalizedStringByToken added by assembly: RiskOfOptions.dll for: RoR2.Language.GetLocalizedStringByToken
[Debug  :RoR2BepInExPack] OnHook RiskOfOptions.ModSettingsManager.PauseManagerOnCCTogglePause added by assembly: RiskOfOptions.dll for: RoR2.PauseManager.CCTogglePause
[Info   :   BepInEx] TS Manifest: Moffein-FixGenesisLoopConsoleSpam-1.0.0
[Info   :   BepInEx] Loading [FixGenesisLoopConsoleSpam 1.0.0]
[Debug  :RoR2BepInExPack] OnHook FixGenesisLoopConsoleSpam.FixGenesisLoopConsoleSpam.BaseVagrantNovaItemState_OnEnter added by assembly: FixGenesisLoopConsoleSpam.dll for: EntityStates.VagrantNovaItem.BaseVagrantNovaItemState.OnEnter
[Info   :   BepInEx] TS Manifest: Moffein-GestureEnigma-1.0.2
[Info   :   BepInEx] Loading [GestureEnigma 1.0.2]
[Debug  :RoR2BepInExPack] ILHook GestureEnigma.Class1+<>c.<Awake>b__1_0 modifier by assembly: GestureEnigma.dll for: RoR2.EquipmentSlot.MyFixedUpdate
[Debug  :RoR2BepInExPack] OnHook GestureEnigma.Class1+<>c.<Awake>b__1_1 added by assembly: GestureEnigma.dll for: RoR2.ItemCatalog.Init
[Info   :   BepInEx] TS Manifest: Moffein-NetworkedPrayerBeads-1.0.1
[Info   :   BepInEx] Loading [NetworkedPrayerBeads 1.0.1]
[Debug  :RoR2BepInExPack] ILHook R2API.ItemAPI.MaterialFixForItemDisplayOnCharacter modifier by assembly: R2API.Items.dll for: RoR2.CharacterModel.UpdateMaterials
[Debug  :RoR2BepInExPack] OnHook R2API.ItemAPI.AddingItemDisplayRulesToCharacterModels added by assembly: R2API.Items.dll for: RoR2.ItemDisplayRuleSet.Init
[Debug  :RoR2BepInExPack] ILHook R2API.ItemAPI.AddCustomTagsToItemCatalog modifier by assembly: R2API.Items.dll for: RoR2.ItemCatalog.SetItemDefs
[Info   :R2API.ContentManagement] Created a SerializableContentPack for mod com.Moffein.NetworkedPrayerBeads
[Debug  :RoR2BepInExPack] ILHook NetworkedPrayerBeads.NetworkedPrayerBeadsPlugin.CharacterBody_RecalculateStats modifier by assembly: NetworkedPrayerBeads.dll for: RoR2.CharacterBody.RecalculateStats
[Debug  :RoR2BepInExPack] OnHook NetworkedPrayerBeads.NetworkedPrayerBeadsPlugin.CharacterMaster_OnBeadReset added by assembly: NetworkedPrayerBeads.dll for: RoR2.CharacterMaster.OnBeadReset
[Info   :   BepInEx] TS Manifest: Moffein-NoBazaarKickout-1.0.4
[Info   :   BepInEx] Loading [NoBazaarKickout 1.0.4]
[Debug  :RoR2BepInExPack] OnHook NoBazaarKickout.NoBazaarKickout+<>c.<Awake>b__0_0 added by assembly: NoBazaarKickout.dll for: EntityStates.NewtMonster.KickFromShop.FixedUpdate
[Info   :   BepInEx] TS Manifest: Moffein-PressToPickup-1.0.1
[Info   :   BepInEx] Loading [PressToPickup 1.0.0]
[Debug  :RoR2BepInExPack] OnHook PressToPickup.Plugin+<>c.<Awake>b__0_0 added by assembly: PressToPickup.dll for: RoR2.GenericPickupController.OnTriggerStay
[Info   :   BepInEx] TS Manifest: Risky_Lives-LinearDamage-1.0.0
[Info   :   BepInEx] Loading [LinearDamage 1.0.0]
[Debug  :RoR2BepInExPack] ILHook LinearDamage.Tweaks.Items.APRounds.RemoveVanilla modifier by assembly: LinearDamage.dll for: RoR2.HealthComponent.TakeDamageProcess
[Debug  :RoR2BepInExPack] ILHook LinearDamage.Tweaks.Items.ChronicExpansion.RemoveVanilla modifier by assembly: LinearDamage.dll for: RoR2.CharacterBody.RecalculateStats
[Debug  :RoR2BepInExPack] ILHook LinearDamage.Tweaks.Items.DeathMark.RemoveVanilla modifier by assembly: LinearDamage.dll for: RoR2.HealthComponent.TakeDamageProcess
[Debug  :RoR2BepInExPack] ILHook LinearDamage.Tweaks.Items.DelicateWatch.RemoveVanilla modifier by assembly: LinearDamage.dll for: RoR2.HealthComponent.TakeDamageProcess
[Debug  :RoR2BepInExPack] ILHook LinearDamage.Tweaks.Items.FocusCrystal.RemoveVanilla modifier by assembly: LinearDamage.dll for: RoR2.HealthComponent.TakeDamageProcess
[Debug  :RoR2BepInExPack] ILHook LinearDamage.Tweaks.Items.Rachis.RemoveVanilla modifier by assembly: LinearDamage.dll for: RoR2.CharacterBody.RecalculateStats
[Info   :   BepInEx] TS Manifest: Risky_Lives-SneedHooks-1.0.0
[Info   :   BepInEx] Loading [SneedHooks 1.0.0]
[Debug  :RoR2BepInExPack] OnHook SneedHooks.ProcessHitEnemy.GlobalEventManager_ProcessHitEnemy added by assembly: SneedHooks.dll for: RoR2.GlobalEventManager.ProcessHitEnemy
[Debug  :RoR2BepInExPack] ILHook SneedHooks.ModifyFinalDamage.HealthComponent_TakeDamageProcess modifier by assembly: SneedHooks.dll for: RoR2.HealthComponent.TakeDamageProcess
[Info   :   BepInEx] TS Manifest: Risky_Lives-RiskyFixes-1.8.0
[Info   :   BepInEx] Loading [RiskyFixes 1.8.0]
[Debug  :RoR2BepInExPack] ILHook RiskyFixes.Fixes.Survivors.KnifeHitboxCancel.ThrowSmokebomb_OnEnter modifier by assembly: RiskyFixes.dll for: EntityStates.Bandit2.ThrowSmokebomb.OnEnter
[Debug  :RoR2BepInExPack] ILHook RiskyFixes.Fixes.Survivors.KnifeHitboxCancel.Bandit2FirePrimaryBase_OnEnter modifier by assembly: RiskyFixes.dll for: EntityStates.Bandit2.Weapon.Bandit2FirePrimaryBase.OnEnter
[Debug  :RoR2BepInExPack] ILHook RiskyFixes.Fixes.Survivors.KnifeHitboxCancel.Reload_OnEnter modifier by assembly: RiskyFixes.dll for: EntityStates.Bandit2.Weapon.Reload.OnEnter
[Debug  :RoR2BepInExPack] ILHook RiskyFixes.Fixes.Survivors.KnifeHitboxCancel.EnterReload_OnEnter modifier by assembly: RiskyFixes.dll for: EntityStates.Bandit2.Weapon.EnterReload.OnEnter
[Debug  :RoR2BepInExPack] ILHook RiskyFixes.Fixes.Survivors.Treebot.UtilityCrash.FireSonicBoom_OnEnter modifier by assembly: RiskyFixes.dll for: EntityStates.Treebot.Weapon.FireSonicBoom.OnEnter
[Debug  :RoR2BepInExPack] OnHook RiskyFixes.Fixes.Survivors.Toolbot.FixNailgunBurst.FireNailgun_OnExit added by assembly: RiskyFixes.dll for: EntityStates.Toolbot.FireNailgun.OnExit
[Debug  :RoR2BepInExPack] ILHook RiskyFixes.Fixes.Survivors.Toolbot.NailgunShotRadius.BaseNailgunState_FireBullet modifier by assembly: RiskyFixes.dll for: EntityStates.Toolbot.BaseNailgunState.FireBullet
[Debug  :RoR2BepInExPack] ILHook RiskyFixes.Fixes.Survivors.Railgunner.FixBungus.BaseFireSnipe_OnFireBulletAuthority modifier by assembly: RiskyFixes.dll for: EntityStates.Railgunner.Weapon.BaseFireSnipe.OnFireBulletAuthority
[Debug  :RoR2BepInExPack] ILHook RiskyFixes.Fixes.Survivors.Railgunner.FixBungus.FirePistol_FireBullet modifier by assembly: RiskyFixes.dll for: EntityStates.Railgunner.Weapon.FirePistol.FireBullet
[Debug  :RoR2BepInExPack] ILHook RiskyFixes.Fixes.Survivors.Merc.EviscerateFix.EvisDash_FixedUpdate modifier by assembly: RiskyFixes.dll for: EntityStates.Merc.EvisDash.FixedUpdate
[Debug  :RoR2BepInExPack] OnHook RiskyFixes.Fixes.Survivors.Huntress.FixFlurry.FireSeekingArrow_OnExit added by assembly: RiskyFixes.dll for: EntityStates.Huntress.HuntressWeapon.FireSeekingArrow.OnExit
[Debug  :RoR2BepInExPack] ILHook RiskyFixes.Fixes.Survivors.FalseSon.LunarRuinReproc.HealthComponent_TakeDamageProcess modifier by assembly: RiskyFixes.dll for: RoR2.HealthComponent.TakeDamageProcess
[Debug  :RoR2BepInExPack] OnHook RiskyFixes.Fixes.Survivors.Croco.ExtendSpawnInvuln+<>c.<ApplyChanges>b__8_0 added by assembly: RiskyFixes.dll for: EntityStates.Croco.Spawn.OnEnter
[Debug  :RoR2BepInExPack] OnHook RiskyFixes.Fixes.Survivors.Croco.ExtendSpawnInvuln+<>c.<ApplyChanges>b__8_1 added by assembly: RiskyFixes.dll for: EntityStates.Croco.Spawn.OnExit
[Debug  :RoR2BepInExPack] OnHook RiskyFixes.Fixes.Survivors.Croco.ExtendSpawnInvuln+<>c.<ApplyChanges>b__8_2 added by assembly: RiskyFixes.dll for: EntityStates.Croco.WakeUp.OnEnter
[Debug  :RoR2BepInExPack] OnHook RiskyFixes.Fixes.Survivors.Croco.ExtendSpawnInvuln+<>c.<ApplyChanges>b__8_3 added by assembly: RiskyFixes.dll for: EntityStates.Croco.WakeUp.OnExit
[Debug  :RoR2BepInExPack] ILHook RiskyFixes.Fixes.Survivors.Commando.PrimaryFireRate.FirePistol2_FixedUpdate modifier by assembly: RiskyFixes.dll for: EntityStates.Commando.CommandoWeapon.FirePistol2.FixedUpdate
[Debug  :RoR2BepInExPack] OnHook RiskyFixes.Fixes.Survivors.CHEF.CleaverAttackSpeed.CleaverProjectile_Start added by assembly: RiskyFixes.dll for: RoR2.Projectile.CleaverProjectile.Start
[Debug  :RoR2BepInExPack] OnHook RiskyFixes.Fixes.Survivors.Captain.OrbitalHiddenRealms.IsAvailable added by assembly: RiskyFixes.dll for: RoR2.Skills.CaptainOrbitalSkillDef.get_isAvailable
[Debug  :RoR2BepInExPack] OnHook RiskyFixes.Fixes.Stages.Moon.KillVoidTeam.BrotherEncounterBaseState_KillAllMonsters added by assembly: RiskyFixes.dll for: EntityStates.Missions.BrotherEncounter.BrotherEncounterBaseState.KillAllMonsters
[Debug  :RoR2BepInExPack] ILHook RiskyFixes.Fixes.Minions.EquipmentSummonMaster.EquipmentSlot_SummonMaster modifier by assembly: RiskyFixes.dll for: RoR2.EquipmentSlot.SummonMaster
[Debug  :RoR2BepInExPack] ILHook RiskyFixes.Fixes.Items.ChargedPerfCrit.FixChargedPerforator modifier by assembly: RiskyFixes.dll for: RoR2.GlobalEventManager.ProcessHitEnemy
[Debug  :RoR2BepInExPack] OnHook RiskyFixes.Fixes.Items.ElusiveAntlerNullref.ElusiveAntlersPickup_OnShardDestroyed added by assembly: RiskyFixes.dll for: RoR2.ElusiveAntlersPickup.OnShardDestroyed
[Debug  :RoR2BepInExPack] OnHook RiskyFixes.Fixes.Items.FinReproc.KnockbackFinUtil_ModifyDamageInfo added by assembly: RiskyFixes.dll for: RoR2.KnockbackFinUtil.ModifyDamageInfo
[Debug  :RoR2BepInExPack] ILHook RiskyFixes.Fixes.Items.FocusCrystalSelfDamage.HealthComponent_TakeDamageProcess modifier by assembly: RiskyFixes.dll for: RoR2.HealthComponent.TakeDamageProcess
[Debug  :RoR2BepInExPack] OnHook RiskyFixes.Fixes.Items.LongstandingSolitudeNullref.TeamManager_LongstandingSolitudesInParty added by assembly: RiskyFixes.dll for: RoR2.TeamManager.LongstandingSolitudesInParty
[Debug  :RoR2BepInExPack] ILHook RiskyFixes.Fixes.Items.SaferSpacesCooldown.HealthComponent_TakeDamageProcess modifier by assembly: RiskyFixes.dll for: RoR2.HealthComponent.TakeDamageProcess
[Debug  :RoR2BepInExPack] ILHook RiskyFixes.Fixes.Items.SaferSpacesInvulnProc.HealthComponent_TakeDamageProcess modifier by assembly: RiskyFixes.dll for: RoR2.HealthComponent.TakeDamageProcess
[Debug  :RoR2BepInExPack] ILHook RiskyFixes.Fixes.Items.ScorpionSelfProc.HealthComponent_TakeDamageProcess modifier by assembly: RiskyFixes.dll for: RoR2.HealthComponent.TakeDamageProcess
[Debug  :RoR2BepInExPack] ILHook RiskyFixes.Fixes.Items.VoidsentNewtProc.HealthComponent_TakeDamageProcess modifier by assembly: RiskyFixes.dll for: RoR2.HealthComponent.TakeDamageProcess
[Debug  :RoR2BepInExPack] OnHook RiskyFixes.Fixes.General.BulletFix.BulletAttack_ProcessHitList added by assembly: RiskyFixes.dll for: RoR2.BulletAttack.ProcessHitList
[Debug  :RoR2BepInExPack] OnHook RiskyFixes.Fixes.General.ModdedPrismaticTrials+<>c.<ApplyChanges>b__8_0 added by assembly: RiskyFixes.dll for: RoR2.WeeklyRun.ClientSubmitLeaderboardScore
[Debug  :RoR2BepInExPack] OnHook RiskyFixes.Fixes.General.ModdedPrismaticTrials+<>c.<ApplyChanges>b__8_1 added by assembly: RiskyFixes.dll for: RoR2.DisableIfGameModded.OnEnable
[Debug  :RoR2BepInExPack] OnHook RiskyFixes.Fixes.General.Playercount.Stage_Start added by assembly: RiskyFixes.dll for: RoR2.Stage.Start
[Debug  :RoR2BepInExPack] OnHook RiskyFixes.Fixes.General.Playercount.GetParticipatingPlayerCountHook added by assembly: RiskyFixes.dll for: RoR2.Run.get_participatingPlayerCount
[Debug  :RoR2BepInExPack] OnHook RiskyFixes.Fixes.General.RemoveMenuAdvertisement.MPButton_Awake added by assembly: RiskyFixes.dll for: RoR2.UI.MPButton.Awake
[Debug  :RoR2BepInExPack] OnHook RiskyFixes.Fixes.General.Slayer.HealthComponent_TakeDamageProcess added by assembly: RiskyFixes.dll for: RoR2.HealthComponent.TakeDamageProcess
[Debug  :RoR2BepInExPack] ILHook RiskyFixes.Fixes.Enemies.DetectionFix.BaseAI_GameObjectPassesSkillDriverFilters modifier by assembly: RiskyFixes.dll for: RoR2.CharacterAI.BaseAI.GameObjectPassesSkillDriverFilters
[Debug  :RoR2BepInExPack] OnHook RiskyFixes.Fixes.Enemies.MagmaWorm.FixFallDeath.CharacterBody_Start added by assembly: RiskyFixes.dll for: RoR2.CharacterBody.Start
[Debug  :RoR2BepInExPack] ILHook RiskyFixes.Fixes.Enemies.Grandparent.GhostFriendlyFire.GrandParentSunController_ServerFixedUpdate modifier by assembly: RiskyFixes.dll for: RoR2.GrandParentSunController.ServerFixedUpdate
[Debug  :RoR2BepInExPack] ILHook RiskyFixes.Fixes.Enemies.Grandparent.GhostFriendlyFire.GrandParentSunController_FixedUpdate modifier by assembly: RiskyFixes.dll for: RoR2.GrandParentSunController.FixedUpdate
[Debug  :RoR2BepInExPack] ILHook RiskyFixes.Fixes.Enemies.ClayBoss.GhostFriendlyFire.Recover_FireTethers modifier by assembly: RiskyFixes.dll for: EntityStates.ClayBoss.Recover.FireTethers
[Debug  :RoR2BepInExPack] OnHook RiskyFixes.Fixes.Enemies.BrotherHurt.NoPhase4Skip.HealthComponent_TakeDamageProcess added by assembly: RiskyFixes.dll for: RoR2.HealthComponent.TakeDamageProcess
[Debug  :RoR2BepInExPack] OnHook RiskyFixes.Fixes.Enemies.BrotherHurt.NoPhase4Skip.SpellBaseState_OnExit added by assembly: RiskyFixes.dll for: EntityStates.BrotherMonster.SpellBaseState.OnExit
[Debug  :RoR2BepInExPack] OnHook RiskyFixes.Fixes.Enemies.ArtifactReliquary.PreventArtifactHeal.HealthComponent_Heal added by assembly: RiskyFixes.dll for: RoR2.HealthComponent.Heal
[Debug  :RoR2BepInExPack] OnHook RiskyFixes.Fixes.Artifacts.EnigmaBlacklistCheck.EnigmaArtifactManager_OnRunStartGlobal added by assembly: RiskyFixes.dll for: RoR2.Artifacts.EnigmaArtifactManager.OnRunStartGlobal
[Warning: Unity Log] RiskyFixes: Disabling VengeanceLevel due to AI Blacklist being loaded.
[Info   :   BepInEx] TS Manifest: Risky_Lives-RiskyTweaks-1.7.0
[Info   :   BepInEx] Loading [RiskyTweaks 1.7.0]
[Debug  :RoR2BepInExPack] OnHook RiskyTweaks.LoadLanguage.fixme added by assembly: RiskyTweaks.dll for: RoR2.Language.SetFolders
[Debug  :RoR2BepInExPack] OnHook RiskyTweaks.FireSelect.CaptainAutoFire.SkillIcon_Update added by assembly: RiskyTweaks.dll for: RoR2.UI.SkillIcon.Update
[Debug  :RoR2BepInExPack] ILHook RiskyTweaks.FireSelect.CaptainAutoFire.ChargeCaptainShotgun_FixedUpdate modifier by assembly: RiskyTweaks.dll for: EntityStates.Captain.Weapon.ChargeCaptainShotgun.FixedUpdate
[Debug  :RoR2BepInExPack] OnHook RiskyTweaks.FireSelect.EngiAutoFire.SkillIcon_Update added by assembly: RiskyTweaks.dll for: RoR2.UI.SkillIcon.Update
[Debug  :RoR2BepInExPack] ILHook RiskyTweaks.FireSelect.EngiAutoFire.ChargeGrenades_OnEnter modifier by assembly: RiskyTweaks.dll for: EntityStates.Engi.EngiWeapon.ChargeGrenades.OnEnter
[Debug  :RoR2BepInExPack] OnHook RiskyTweaks.Tweaks.Survivors.VoidSurvivor.FasterCorruptTransition.CorruptionTransitionBase_OnEnter added by assembly: RiskyTweaks.dll for: EntityStates.VoidSurvivor.CorruptionTransitionBase.OnEnter
[Debug  :RoR2BepInExPack] ILHook RiskyTweaks.Tweaks.Survivors.VoidSurvivor.PrimarySpread.RemoveBulletSpread modifier by assembly: RiskyTweaks.dll for: EntityStates.VoidSurvivor.Weapon.FireHandBeam.OnEnter
[Debug  :RoR2BepInExPack] ILHook RiskyTweaks.Tweaks.Survivors.VoidSurvivor.PrimarySpread.RemoveBulletSpread modifier by assembly: RiskyTweaks.dll for: EntityStates.VoidSurvivor.Weapon.FireCorruptHandBeam.FireBullet
[Debug  :RoR2BepInExPack] OnHook RiskyTweaks.Tweaks.Survivors.VoidSurvivor.UtilityMoveSpeedScaling.VoidBlinkBase_GetVelocity added by assembly: RiskyTweaks.dll for: EntityStates.VoidSurvivor.VoidBlinkBase.GetVelocity
[Debug  :RoR2BepInExPack] ILHook RiskyTweaks.Tweaks.Survivors.Treebot.SelfDamageTweaks.FireMortar2_OnEnter modifier by assembly: RiskyTweaks.dll for: EntityStates.Treebot.Weapon.FireMortar2.OnEnter
[Debug  :RoR2BepInExPack] ILHook RiskyTweaks.Tweaks.Survivors.Treebot.UtilityKnockback.FireSonicBoom_OnEnter modifier by assembly: RiskyTweaks.dll for: EntityStates.Treebot.Weapon.FireSonicBoom.OnEnter
[Debug  :RoR2BepInExPack] OnHook RiskyTweaks.Tweaks.Survivors.Toolbot.RetoolReload+<>c.<ApplyChanges>b__8_0 added by assembly: RiskyTweaks.dll for: EntityStates.Toolbot.ToolbotStanceSwap.OnEnter
[Debug  :RoR2BepInExPack] OnHook RiskyTweaks.Tweaks.Survivors.Toolbot.ScrapICBM.FireGrenadeLauncher_ModifyProjectileAimRay added by assembly: RiskyTweaks.dll for: EntityStates.Toolbot.FireGrenadeLauncher.ModifyProjectileAimRay
[Debug  :RoR2BepInExPack] OnHook RiskyTweaks.Tweaks.Survivors.Seeker.MeditateBuff.SeekerController_CmdTriggerHealPulse added by assembly: RiskyTweaks.dll for: RoR2.SeekerController.CmdTriggerHealPulse
[Debug  :RoR2BepInExPack] ILHook RiskyTweaks.Tweaks.Survivors.Seeker.MeditateBuff.Meditate_Update modifier by assembly: RiskyTweaks.dll for: EntityStates.Seeker.Meditate.Update
[Debug  :RoR2BepInExPack] ILHook RiskyTweaks.Tweaks.Survivors.Seeker.RemoveM2FoV.UnseenHand_FixedUpdate modifier by assembly: RiskyTweaks.dll for: EntityStates.Seeker.UnseenHand.FixedUpdate
[Debug  :RoR2BepInExPack] OnHook RiskyTweaks.Tweaks.Survivors.Railgunner.PolarFieldBuff.SlowDownProjectiles_OnTriggerEnter added by assembly: RiskyTweaks.dll for: RoR2.Projectile.SlowDownProjectiles.OnTriggerEnter
[Debug  :RoR2BepInExPack] OnHook RiskyTweaks.Tweaks.Survivors.Railgunner.PolarFieldBuff.SlowDownProjectiles_OnTriggerExit added by assembly: RiskyTweaks.dll for: RoR2.Projectile.SlowDownProjectiles.OnTriggerExit
[Debug  :RoR2BepInExPack] OnHook RiskyTweaks.Tweaks.Survivors.Merc.M1AttackSpeed.GroundLight2_OnEnter added by assembly: RiskyTweaks.dll for: EntityStates.Merc.Weapon.GroundLight2.OnEnter
[Debug  :RoR2BepInExPack] ILHook RiskyTweaks.Tweaks.Survivors.Mage.FasterIceWall.PrepWall_FixedUpdate modifier by assembly: RiskyTweaks.dll for: EntityStates.Mage.Weapon.PrepWall.FixedUpdate
[Debug  :RoR2BepInExPack] ILHook RiskyTweaks.Tweaks.Survivors.Mage.IonSurgeMoveScaling.FlyUpState_HandleMovements modifier by assembly: RiskyTweaks.dll for: EntityStates.Mage.FlyUpState.HandleMovements
[Debug  :RoR2BepInExPack] OnHook RiskyTweaks.Tweaks.Survivors.Huntress.Tracking.HuntressTracker_Start added by assembly: RiskyTweaks.dll for: RoR2.HuntressTracker.Start
[Debug  :RoR2BepInExPack] ILHook RiskyTweaks.Tweaks.Survivors.Huntress.Tracking.HuntressTracker_SearchForTarget modifier by assembly: RiskyTweaks.dll for: RoR2.HuntressTracker.SearchForTarget
[Debug  :RoR2BepInExPack] OnHook RiskyTweaks.Tweaks.Survivors.Croco.BlightStack.DotController_AddDot added by assembly: RiskyTweaks.dll for: RoR2.DotController.AddDot
[Debug  :RoR2BepInExPack] ILHook RiskyTweaks.Tweaks.Survivors.Croco.PoisonDamageCap.DotController_AddDot modifier by assembly: RiskyTweaks.dll for: RoR2.DotController.AddDot
[Debug  :RoR2BepInExPack] ILHook RiskyTweaks.Tweaks.Survivors.Croco.Regenerative.CharacterBody_RecalculateStats modifier by assembly: RiskyTweaks.dll for: RoR2.CharacterBody.RecalculateStats
[Debug  :RoR2BepInExPack] OnHook RiskyTweaks.Tweaks.Survivors.Croco.Regenerative.HealthComponent_ServerFixedUpdate added by assembly: RiskyTweaks.dll for: RoR2.HealthComponent.ServerFixedUpdate
[Debug  :RoR2BepInExPack] OnHook RiskyTweaks.Tweaks.Survivors.CHEF.GlazeInterrupt.Glaze_GetMinimumInterruptPriority added by assembly: RiskyTweaks.dll for: EntityStates.Chef.Glaze.GetMinimumInterruptPriority
[Debug  :RoR2BepInExPack] OnHook RiskyTweaks.Tweaks.Survivors.Captain.ChargedShotgunFalloff.FireCaptainShotgun_ModifyBullet added by assembly: RiskyTweaks.dll for: EntityStates.Captain.Weapon.FireCaptainShotgun.ModifyBullet
[Debug  :RoR2BepInExPack] OnHook RiskyTweaks.Tweaks.Survivors.Bandit2.BlastPierce.Bandit2FireRifle_ModifyBullet added by assembly: RiskyTweaks.dll for: EntityStates.Bandit2.Weapon.Bandit2FireRifle.ModifyBullet
[Debug  :RoR2BepInExPack] OnHook RiskyTweaks.Tweaks.Survivors.Bandit2.BlastSpread.Bandit2FireRifle_ModifyBullet added by assembly: RiskyTweaks.dll for: EntityStates.Bandit2.Weapon.Bandit2FireRifle.ModifyBullet
[Debug  :RoR2BepInExPack] OnHook RiskyTweaks.Tweaks.Survivors.Bandit2.BuffSuperBleed.HealthComponent_TakeDamageProcess added by assembly: RiskyTweaks.dll for: RoR2.HealthComponent.TakeDamageProcess
[Debug  :RoR2BepInExPack] OnHook RiskyTweaks.Tweaks.Survivors.Bandit2.CloakHoldButton.ThrowSmokebomb_GetMinimumInterruptPriority added by assembly: RiskyTweaks.dll for: EntityStates.Bandit2.ThrowSmokebomb.GetMinimumInterruptPriority
[Debug  :RoR2BepInExPack] OnHook RiskyTweaks.Tweaks.Survivors.Bandit2.CloakHoldButton.StealthMode_GetMinimumInterruptPriority added by assembly: RiskyTweaks.dll for: EntityStates.Bandit2.StealthMode.GetMinimumInterruptPriority
[Debug  :RoR2BepInExPack] OnHook RiskyTweaks.Tweaks.Survivors.Bandit2.KnifeLunge.SlashBlade_OnEnter added by assembly: RiskyTweaks.dll for: EntityStates.Bandit2.Weapon.SlashBlade.OnEnter
[Debug  :RoR2BepInExPack] OnHook RiskyTweaks.Tweaks.Survivors.Bandit2.KnifeLunge.GetBandit2SlashBladeMinDurationHook added by assembly: RiskyTweaks.dll for: EntityStates.Bandit2.Weapon.SlashBlade.get_minimumDuration
[Debug  :RoR2BepInExPack] OnHook RiskyTweaks.Tweaks.Survivors.Bandit2.PrimaryAutoFire+FireMode.SkillIcon_Update added by assembly: RiskyTweaks.dll for: RoR2.UI.SkillIcon.Update
[Debug  :RoR2BepInExPack] OnHook RiskyTweaks.Tweaks.Survivors.Bandit2.PrimaryAutoFire.Bandit2FirePrimaryBase_GetMinimumInterruptPriority added by assembly: RiskyTweaks.dll for: EntityStates.Bandit2.Weapon.Bandit2FirePrimaryBase.GetMinimumInterruptPriority
[Debug  :RoR2BepInExPack] OnHook RiskyTweaks.Tweaks.Survivors.Bandit2.PrimaryAutoFire.Bandit2FirePrimaryBase_OnEnter added by assembly: RiskyTweaks.dll for: EntityStates.Bandit2.Weapon.Bandit2FirePrimaryBase.OnEnter
[Debug  :RoR2BepInExPack] ILHook RiskyTweaks.Tweaks.Survivors.Bandit2.SpecialHold.BasePrepSidearmRevolverState_FixedUpdate modifier by assembly: RiskyTweaks.dll for: EntityStates.Bandit2.Weapon.BasePrepSidearmRevolverState.FixedUpdate
[Debug  :RoR2BepInExPack] ILHook RiskyTweaks.Tweaks.Survivors.Bandit2.SpecialSprint.BaseSidearmState_FixedUpdate modifier by assembly: RiskyTweaks.dll for: EntityStates.Bandit2.Weapon.BaseSidearmState.FixedUpdate
[Debug  :RoR2BepInExPack] OnHook RiskyTweaks.Tweaks.Stages.ArtifactWorldDropChance.ArtifactKeyDrop added by assembly: RiskyTweaks.dll for: RoR2.ArtifactTrialMissionController+CombatState.OnCharacterDeathGlobal
[Debug  :RoR2BepInExPack] OnHook RiskyTweaks.Tweaks.Stages.ArtifactWorldDropChance.ArtifactTrialMissionController_OnStartServer added by assembly: RiskyTweaks.dll for: RoR2.ArtifactTrialMissionController.OnStartServer
[Debug  :RoR2BepInExPack] OnHook RiskyTweaks.Tweaks.Stages.VoidStage.NerfFog.VoidStageMissionController_RequestFog added by assembly: RiskyTweaks.dll for: RoR2.VoidStageMissionController.RequestFog
[Debug  :RoR2BepInExPack] OnHook RiskyTweaks.Tweaks.Stages.VoidStage.PillarsDropItems.HoldoutZoneController_OnDisable added by assembly: RiskyTweaks.dll for: RoR2.HoldoutZoneController.OnDisable
[Debug  :RoR2BepInExPack] OnHook RiskyTweaks.Tweaks.Stages.VoidRaid.NerfFog.FogDamageController_Start added by assembly: RiskyTweaks.dll for: RoR2.FogDamageController.Start
[Debug  :RoR2BepInExPack] OnHook RiskyTweaks.Tweaks.Stages.Moon.PillarsDropItems.MoonBatteryMissionController_OnBatteryCharged added by assembly: RiskyTweaks.dll for: RoR2.MoonBatteryMissionController.OnBatteryCharged
[Debug  :RoR2BepInExPack] OnHook RiskyTweaks.Tweaks.Stages.Arena.NerfFog.ArenaMissionController_UpdateFogDamageVoidFieldsDamageMultiplier added by assembly: RiskyTweaks.dll for: RoR2.ArenaMissionController.UpdateFogDamageVoidFieldsDamageMultiplier
[Debug  :RoR2BepInExPack] OnHook RiskyTweaks.Tweaks.Stages.Arena.RemoveItemGain.Active_HandlePenalties added by assembly: RiskyTweaks.dll for: EntityStates.Missions.Arena.NullWard.Active.HandlePenalties
[Debug  :RoR2BepInExPack] ILHook RiskyTweaks.Tweaks.Minions.StricterLeashing.MinionLeashBodyBehavior_FixedUpdate modifier by assembly: RiskyTweaks.dll for: RoR2.Items.MinionLeashBodyBehavior.FixedUpdate
[Debug  :RoR2BepInExPack] ILHook RiskyTweaks.Tweaks.Items.GasolineScaling.GlobalEventManager_ProcIgniteOnKill modifier by assembly: RiskyTweaks.dll for: RoR2.GlobalEventManager.ProcIgniteOnKill
[Debug  :RoR2BepInExPack] ILHook RiskyTweaks.Tweaks.Items.PenniesDisableInBazaar.HealthComponent_TakeDamageProcess modifier by assembly: RiskyTweaks.dll for: RoR2.HealthComponent.TakeDamageProcess
[Debug  :RoR2BepInExPack] OnHook RiskyTweaks.Tweaks.Items.PredatoryRefresh.RefreshPredatoryOnCrit added by assembly: RiskyTweaks.dll for: RoR2.GlobalEventManager.OnCrit
[Debug  :RoR2BepInExPack] OnHook RiskyTweaks.Tweaks.Items.ShurikenBand.PrimarySkillShurikenBehavior_FireShuriken added by assembly: RiskyTweaks.dll for: RoR2.PrimarySkillShurikenBehavior.FireShuriken
[Debug  :RoR2BepInExPack] OnHook RiskyTweaks.Tweaks.Items.VisionsAttackSpeed.LunarPrimaryReplacementSkill_GetRechargeInterval added by assembly: RiskyTweaks.dll for: RoR2.Skills.LunarPrimaryReplacementSkill.GetRechargeInterval
[Debug  :RoR2BepInExPack] OnHook RiskyTweaks.Tweaks.Items.Warbanner.SpawnInMorePlaces.Phase1_OnEnter added by assembly: RiskyTweaks.dll for: EntityStates.Missions.BrotherEncounter.Phase1.OnEnter
[Debug  :RoR2BepInExPack] OnHook RiskyTweaks.Tweaks.Items.Warbanner.SpawnInMorePlaces.Active_OnEnter added by assembly: RiskyTweaks.dll for: EntityStates.InfiniteTowerSafeWard.Active.OnEnter
[Debug  :RoR2BepInExPack] ILHook RiskyTweaks.Tweaks.Items.GhorsTome.DisableInBazaar.GlobalEventManager_OnCharacterDeath modifier by assembly: RiskyTweaks.dll for: RoR2.GlobalEventManager.OnCharacterDeath
[Debug  :RoR2BepInExPack] OnHook RiskyTweaks.Tweaks.Items.GhorsTome.SelfishGoldPacks.MoneyPickup_OnTriggerStay added by assembly: RiskyTweaks.dll for: RoR2.MoneyPickup.OnTriggerStay
[Debug  :RoR2BepInExPack] OnHook RiskyTweaks.Tweaks.Items.FrostRelic.DisableFOV.IcicleAuraController_OnIciclesActivated added by assembly: RiskyTweaks.dll for: RoR2.IcicleAuraController.OnIciclesActivated
[Debug  :RoR2BepInExPack] ILHook RiskyTweaks.Tweaks.Interactables.BloodShrineMinReward.ShrineBloodBehavior_AddShrineStack modifier by assembly: RiskyTweaks.dll for: RoR2.ShrineBloodBehavior.AddShrineStack
[Debug  :RoR2BepInExPack] OnHook RiskyTweaks.Tweaks.Interactables.MountainShrineCostScale.SceneDirector_Start added by assembly: RiskyTweaks.dll for: RoR2.SceneDirector.Start
[Debug  :RoR2BepInExPack] ILHook RiskyTweaks.Tweaks.Interactables.PrimordialTeleLoop.SceneDirector_PlaceTeleporter modifier by assembly: RiskyTweaks.dll for: RoR2.SceneDirector.PlaceTeleporter
[Debug  :RoR2BepInExPack] OnHook RiskyTweaks.Tweaks.Interactables.PrimordialTeleLoop.Stage_Start added by assembly: RiskyTweaks.dll for: RoR2.Stage.Start
[Debug  :RoR2BepInExPack] OnHook RiskyTweaks.Tweaks.Interactables.PrimordialTeleLoop.IdleToActive_OnExit added by assembly: RiskyTweaks.dll for: EntityStates.LunarTeleporter.IdleToActive.OnExit
[Debug  :RoR2BepInExPack] OnHook RiskyTweaks.Tweaks.Interactables.ShrineCombatItems.SceneDirector_Start added by assembly: RiskyTweaks.dll for: RoR2.SceneDirector.Start
[Debug  :RoR2BepInExPack] OnHook RiskyTweaks.Tweaks.Interactables.ShrineCombatItems.ShrineCombatBehavior_Awake added by assembly: RiskyTweaks.dll for: RoR2.ShrineCombatBehavior.Awake
[Debug  :RoR2BepInExPack] OnHook RiskyTweaks.Tweaks.Interactables.ShrineCombatItems.ShrineCombatBehavior_OnDefeatedServer added by assembly: RiskyTweaks.dll for: RoR2.ShrineCombatBehavior.OnDefeatedServer
[Debug  :RoR2BepInExPack] OnHook RiskyTweaks.Tweaks.General.BarrierDecay.Reprieve_OnEnter added by assembly: RiskyTweaks.dll for: EntityStates.Seeker.Reprieve.OnEnter
[Debug  :RoR2BepInExPack] OnHook RiskyTweaks.Tweaks.General.BarrierDecay.Reprieve_OnExit added by assembly: RiskyTweaks.dll for: EntityStates.Seeker.Reprieve.OnExit
[Debug  :RoR2BepInExPack] ILHook RiskyTweaks.Tweaks.General.BarrierDecay.HealthComponent_ServerFixedUpdate modifier by assembly: RiskyTweaks.dll for: RoR2.HealthComponent.ServerFixedUpdate
[Debug  :RoR2BepInExPack] ILHook RiskyTweaks.Tweaks.General.CloakBuff.Target_GetBullseyePosition modifier by assembly: RiskyTweaks.dll for: RoR2.CharacterAI.BaseAI+Target.GetBullseyePosition
[Debug  :RoR2BepInExPack] ILHook RiskyTweaks.Tweaks.General.FasterStandStillEffects.CharacterBody_GetNotMoving modifier by assembly: RiskyTweaks.dll for: RoR2.CharacterBody.GetNotMoving
[Debug  :RoR2BepInExPack] OnHook RiskyTweaks.Tweaks.Enemies.AllowFallDeath.HealthComponent_TakeDamageProcess added by assembly: RiskyTweaks.dll for: RoR2.HealthComponent.TakeDamageProcess
[Debug  :RoR2BepInExPack] ILHook RiskyTweaks.Tweaks.Enemies.FullVision.BaseAI_ManagedFixedUpdate modifier by assembly: RiskyTweaks.dll for: RoR2.CharacterAI.BaseAI.ManagedFixedUpdate
[Debug  :RoR2BepInExPack] ILHook RiskyTweaks.Tweaks.Enemies.NoBossRepeat.CombatDirector_SetNextSpawnAsBoss modifier by assembly: RiskyTweaks.dll for: RoR2.CombatDirector.SetNextSpawnAsBoss
[Debug  :RoR2BepInExPack] OnHook RiskyTweaks.Tweaks.Enemies.NoLevelupHeal.CharacterBody_RecalculateStats added by assembly: RiskyTweaks.dll for: RoR2.CharacterBody.RecalculateStats
[Debug  :RoR2BepInExPack] ILHook RiskyTweaks.Tweaks.Enemies.RaiseLevelCap.Run_RecalculateDifficultyCoefficentInternal modifier by assembly: RiskyTweaks.dll for: RoR2.Run.RecalculateDifficultyCoefficentInternal
[Debug  :RoR2BepInExPack] OnHook RiskyTweaks.Tweaks.Enemies.RaiseLevelCap.LevelUpEffectManager_OnRunAmbientLevelUp added by assembly: RiskyTweaks.dll for: RoR2.LevelUpEffectManager.OnRunAmbientLevelUp
[Debug  :RoR2BepInExPack] OnHook RiskyTweaks.Tweaks.Enemies.RaiseLevelCap.LevelUpEffectManager_OnTeamLevelUp added by assembly: RiskyTweaks.dll for: RoR2.LevelUpEffectManager.OnTeamLevelUp
[Debug  :RoR2BepInExPack] OnHook RiskyTweaks.Tweaks.Enemies.SceneDirectorRewards.SceneDirector_PopulateScene added by assembly: RiskyTweaks.dll for: RoR2.SceneDirector.PopulateScene
[Debug  :RoR2BepInExPack] ILHook RiskyTweaks.CommonHooks.DisableAddBuffGeneric modifier by assembly: RiskyTweaks.dll for: ScorchlingController.Burrow
[Debug  :RoR2BepInExPack] ILHook RiskyTweaks.CommonHooks.DisableRemoveBuffGeneric modifier by assembly: RiskyTweaks.dll for: ScorchlingController.Breach
[Debug  :RoR2BepInExPack] ILHook RiskyTweaks.Tweaks.Enemies.LunarWisp.HitscanFalloff.FireLunarGuns_OnFireAuthority modifier by assembly: RiskyTweaks.dll for: EntityStates.LunarWisp.FireLunarGuns.OnFireAuthority
[Debug  :RoR2BepInExPack] OnHook RiskyTweaks.Tweaks.Enemies.Halcyonite.ShrineStatBoostLevel.CombatDirector_HalcyoniteShrineActivation added by assembly: RiskyTweaks.dll for: RoR2.CombatDirector.HalcyoniteShrineActivation
[Debug  :RoR2BepInExPack] OnHook RiskyTweaks.Tweaks.Enemies.Grandparent.ImmediatelyClearBurn.CharacterBody_UpdateBuffs added by assembly: RiskyTweaks.dll for: RoR2.CharacterBody.UpdateBuffs
[Debug  :RoR2BepInExPack] ILHook RiskyTweaks.Tweaks.Enemies.Golem.ConsistentClap.ClapState_FixedUpdate modifier by assembly: RiskyTweaks.dll for: EntityStates.GolemMonster.ClapState.FixedUpdate
[Debug  :RoR2BepInExPack] ILHook RiskyTweaks.CommonHooks.DisableAddBuffGeneric modifier by assembly: RiskyTweaks.dll for: EntityStates.FalseSonBoss.CorruptedPathsDash.OnEnter
[Debug  :RoR2BepInExPack] ILHook RiskyTweaks.CommonHooks.DisableRemoveBuffGeneric modifier by assembly: RiskyTweaks.dll for: EntityStates.FalseSonBoss.CorruptedPathsDash.OnExit
[Debug  :RoR2BepInExPack] OnHook RiskyTweaks.Tweaks.Enemies.Child.RemoveIFrames.ChildMonsterController_RegisterTeleport added by assembly: RiskyTweaks.dll for: RoR2.ChildMonsterController.RegisterTeleport
[Debug  :RoR2BepInExPack] OnHook RiskyTweaks.Tweaks.Enemies.Brother.Phase4GuaranteedItem.HealthComponent_TakeDamage added by assembly: RiskyTweaks.dll for: RoR2.HealthComponent.TakeDamage
[Debug  :RoR2BepInExPack] OnHook RiskyTweaks.Tweaks.Artifacts.VengeanceFallDamage.HealthComponent_TakeDamageProcess added by assembly: RiskyTweaks.dll for: RoR2.HealthComponent.TakeDamageProcess
[Debug  :RoR2BepInExPack] ILHook RiskyTweaks.Tweaks.Artifacts.VengeanceNerfNkuhana.HealthComponent_ServerFixedUpdate modifier by assembly: RiskyTweaks.dll for: RoR2.HealthComponent.ServerFixedUpdate
[Debug  :RoR2BepInExPack] OnHook RiskyTweaks.Tweaks.Artifacts.VengeancePercentHeal.HealthComponent_HealFraction added by assembly: RiskyTweaks.dll for: RoR2.HealthComponent.HealFraction
[Debug  :RoR2BepInExPack] ILHook RiskyTweaks.Tweaks.Artifacts.VengeanceVoidTeam.DoppelgangerInvasionManager_CreateDoppelganger modifier by assembly: RiskyTweaks.dll for: RoR2.Artifacts.DoppelgangerInvasionManager.CreateDoppelganger
[Info   :   BepInEx] TS Manifest: rainyuu-Pingprovements-1.8.0
[Info   :   BepInEx] Loading [Pingprovements 1.7.0]
[Debug  :RoR2BepInExPack] OnHook Pingprovements.PingerController.SetCurrentPing added by assembly: Pingprovements.dll for: RoR2.PingerController.SetCurrentPing
[Debug  :RoR2BepInExPack] OnHook Pingprovements.PingIndicator.Update added by assembly: Pingprovements.dll for: RoR2.UI.PingIndicator.Update
[Info   :   BepInEx] TS Manifest: Risky_Lives-RiskyMod-2.7.2
[Info   :   BepInEx] Loading [RiskyMod 2.7.2]
[Debug  :RoR2BepInExPack] OnHook RiskyMod.RiskyMod+<>c.<Awake>b__19_0 added by assembly: RiskyMod.dll for: RoR2.GameModeCatalog.LoadGameModes
[Debug  :RoR2BepInExPack] OnHook RiskyMod.Content.Assets.fixme added by assembly: RiskyMod.dll for: RoR2.Language.SetFolders
[Info   : Unity Log] RiskyMod: Disabling NerfVoidtouched because EliteReworks is loaded.
[Info   : Unity Log] RiskyMod: Disabling Nullify Changes because EliteReworks is loaded.
[Debug  :RoR2BepInExPack] OnHook RiskyMod.MonoBehaviours.ProjectileZapChainOnExplosion+<>c.<Init>b__1_0 added by assembly: RiskyMod.dll for: RoR2.Projectile.ProjectileExplosion.OnBlastAttackResult
[Info   :R2API.ContentManagement] Created a SerializableContentPack for mod com.RiskyLives.RiskyMod
[Debug  :RoR2BepInExPack] ILHook RiskyMod.SharedDamageTypes+<>c.<SetupSweetSpotModifier>b__16_0 modifier by assembly: RiskyMod.dll for: RoR2.BlastAttack.HandleHits
[Debug  :RoR2BepInExPack] OnHook RiskyMod.Fixes.FixCrocoPoisonAchievement+<>c.<.ctor>b__0_0 added by assembly: RiskyMod.dll for: RoR2.DotController.AddDot
[Debug  :RoR2BepInExPack] ILHook RiskyMod.Tweaks.RunScaling.ModdedScaling+<>c.<.ctor>b__1_0 modifier by assembly: RiskyMod.dll for: RoR2.Run.RecalculateDifficultyCoefficentInternal
[Debug  :RoR2BepInExPack] OnHook RiskyMod.Tweaks.RunScaling.MonsterGoldRewards+<>c.<.ctor>b__7_0 added by assembly: RiskyMod.dll for: RoR2.CharacterBody.Start
[Debug  :RoR2BepInExPack] OnHook RiskyMod.Tweaks.RunScaling.CombatDirectorMultiplier+<>c.<.ctor>b__3_0 added by assembly: RiskyMod.dll for: RoR2.CombatDirector.Awake
[Debug  :RoR2BepInExPack] ILHook RiskyMod.Tweaks.RunScaling.LoopTeleMountainShrine+<>c.<.ctor>b__1_0 modifier by assembly: RiskyMod.dll for: RoR2.TeleporterInteraction+ChargingState.OnEnter
[Debug  :RoR2BepInExPack] OnHook RiskyMod.Tweaks.Holdouts.TeleExpandOnBossKill+<>c.<.ctor>b__2_0 added by assembly: RiskyMod.dll for: RoR2.TeleporterInteraction.UpdateMonstersClear
[Debug  :RoR2BepInExPack] ILHook RiskyMod.Tweaks.Holdouts.LargeLobbyScaling.HoldoutZoneController_DoUpdate modifier by assembly: RiskyMod.dll for: RoR2.HoldoutZoneController.DoUpdate
[Debug  :RoR2BepInExPack] ILHook RiskyMod.Tweaks.CharacterMechanics.TrueOSP.HealthComponent_TakeDamageProcess modifier by assembly: RiskyMod.dll for: RoR2.HealthComponent.TakeDamageProcess
[Debug  :RoR2BepInExPack] ILHook RiskyMod.Tweaks.CharacterMechanics.FreezeChampionExecute+<>c.<BuildDebuff>b__5_0 modifier by assembly: RiskyMod.dll for: RoR2.CharacterModel.UpdateOverlays
[Debug  :RoR2BepInExPack] ILHook RiskyMod.Tweaks.CharacterMechanics.FreezeChampionExecute.<ModifyExecuteThreshold>b__8_0 modifier by assembly: RiskyMod.dll for: RoR2.HealthComponent.TakeDamageProcess
[Debug  :RoR2BepInExPack] ILHook RiskyMod.Tweaks.CharacterMechanics.FreezeChampionExecute.<ModifyExecuteThreshold>b__8_1 modifier by assembly: RiskyMod.dll for: RoR2.HealthComponent.GetHealthBarValues
[Debug  :RoR2BepInExPack] OnHook RiskyMod.Tweaks.CharacterMechanics.FreezeChampionExecute+<>c.<ApplyFreezeDebuff>b__9_0 added by assembly: RiskyMod.dll for: EntityStates.FrozenState.OnEnter
[Debug  :RoR2BepInExPack] OnHook RiskyMod.Tweaks.CharacterMechanics.FreezeChampionExecute+<>c.<ApplyFreezeDebuff>b__9_1 added by assembly: RiskyMod.dll for: EntityStates.FrozenState.OnExit
[Debug  :RoR2BepInExPack] ILHook RiskyMod.Tweaks.CharacterMechanics.FreezeChampionExecute.GlobalEventManager_ProcessHitEnemy modifier by assembly: RiskyMod.dll for: RoR2.GlobalEventManager.ProcessHitEnemy
[Debug  :RoR2BepInExPack] ILHook RiskyMod.Tweaks.CharacterMechanics.FreezeChampionExecute.CharacterBody_HandleCascadingBuffs modifier by assembly: RiskyMod.dll for: RoR2.CharacterBody.HandleCascadingBuffs
[Debug  :RoR2BepInExPack] OnHook RiskyMod.Tweaks.CharacterMechanics.PlayerControlledMonsters+<>c.<.ctor>b__1_0 added by assembly: RiskyMod.dll for: RoR2.SetStateOnHurt.SetStunInternal
[Debug  :RoR2BepInExPack] OnHook RiskyMod.Tweaks.CharacterMechanics.PlayerControlledMonsters+<>c.<.ctor>b__1_1 added by assembly: RiskyMod.dll for: RoR2.SetStateOnHurt.SetShockInternal
[Debug  :RoR2BepInExPack] OnHook RiskyMod.Tweaks.CharacterMechanics.PlayerControlledMonsters+<>c.<.ctor>b__1_2 added by assembly: RiskyMod.dll for: RoR2.SetStateOnHurt.SetPainInternal
[Debug  :RoR2BepInExPack] ILHook RiskyMod.Tweaks.Artifact.Sacrifice+<>c.<.ctor>b__1_0 modifier by assembly: RiskyMod.dll for: RoR2.Artifacts.SacrificeArtifactManager.OnServerCharacterDeath
[Debug  :RoR2BepInExPack] OnHook RiskyMod.Tweaks.AIBlacklistItems+<>c.<.ctor>b__1_0 added by assembly: RiskyMod.dll for: RoR2.ItemCatalog.Init
[Debug  :RoR2BepInExPack] ILHook RiskyMod.Tweaks.CharacterMechanics.BetterProjectileTracking+<>c.<.ctor>b__1_0 modifier by assembly: RiskyMod.dll for: RoR2.Projectile.ProjectileDirectionalTargetFinder.SearchForTarget
[Debug  :RoR2BepInExPack] OnHook RiskyMod.Items.ItemsCore+<>c.<ModifyItemTokens>b__19_0 added by assembly: RiskyMod.dll for: RoR2.ItemCatalog.Init
[Debug  :RoR2BepInExPack] ILHook RiskyMod.Items.Common.BisonSteak+<>c.<.ctor>b__1_0 modifier by assembly: RiskyMod.dll for: RoR2.CharacterBody.RecalculateStats
[Debug  :RoR2BepInExPack] OnHook RiskyMod.Items.Common.Fireworks+<>c.<.ctor>b__3_0 added by assembly: RiskyMod.dll for: RoR2.FireworkLauncher.FixedUpdate
[Debug  :RoR2BepInExPack] ILHook RiskyMod.Items.Common.StickyBomb+<>c.<.ctor>b__2_0 modifier by assembly: RiskyMod.dll for: RoR2.GlobalEventManager.ProcessHitEnemy
[Debug  :RoR2BepInExPack] ILHook R2API.ProcTypeAPI.ProcChainMask_AppendToStringBuilder modifier by assembly: R2API.ProcType.dll for: RoR2.ProcChainMask.AppendToStringBuilder
[Debug  :RoR2BepInExPack] OnHook R2API.ProcTypeAPI.NetworkExtensions_Write_NetworkWriter_ProcChainMask added by assembly: R2API.ProcType.dll for: RoR2.NetworkExtensions.Write
[Debug  :RoR2BepInExPack] OnHook R2API.ProcTypeAPI.NetworkExtensions_ReadProcChainMask added by assembly: R2API.ProcType.dll for: RoR2.NetworkExtensions.ReadProcChainMask
[Debug  :RoR2BepInExPack] OnHook R2API.ProcTypeAPI.ProcChainMask_GetHashCode added by assembly: R2API.ProcType.dll for: RoR2.ProcChainMask.GetHashCode
[Debug  :RoR2BepInExPack] OnHook R2API.ProcTypeAPI.ProcChainMask_Equals_ProcChainMask added by assembly: R2API.ProcType.dll for: RoR2.ProcChainMask.Equals
[Debug  :RoR2BepInExPack] ILHook RiskyMod.Items.Common.Crowbar+<>c.<.ctor>b__5_0 modifier by assembly: RiskyMod.dll for: RoR2.HealthComponent.TakeDamageProcess
[Debug  :RoR2BepInExPack] ILHook RiskyMod.Items.Common.Crowbar+<>c.<.ctor>b__5_1 modifier by assembly: RiskyMod.dll for: RoR2.GlobalEventManager.ProcessHitEnemy
[Debug  :RoR2BepInExPack] ILHook RiskyMod.Items.Common.Warbanner+<>c.<SetupBuff>b__6_0 modifier by assembly: RiskyMod.dll for: RoR2.CharacterBody.UpdateAllTemporaryVisualEffects
[Debug  :RoR2BepInExPack] ILHook RiskyMod.Items.Common.Warbanner+<>c.<SetupBuff>b__6_1 modifier by assembly: RiskyMod.dll for: RoR2.TeleporterInteraction+ChargingState.OnEnter
[Debug  :RoR2BepInExPack] ILHook RiskyMod.Items.Common.Gasoline+<>c.<.ctor>b__1_0 modifier by assembly: RiskyMod.dll for: RoR2.GlobalEventManager.ProcIgniteOnKill
[Debug  :RoR2BepInExPack] ILHook RiskyMod.Items.Common.TougherTimes+<>c.<.ctor>b__1_0 modifier by assembly: RiskyMod.dll for: RoR2.HealthComponent.TakeDamageProcess
[Debug  :RoR2BepInExPack] ILHook RiskyMod.Items.DLC1.Common.DelicateWatch+<>c.<.ctor>b__3_1 modifier by assembly: RiskyMod.dll for: RoR2.HealthComponent.TakeDamageProcess
[Debug  :RoR2BepInExPack] ILHook RiskyMod.Items.DLC1.Common.DelicateWatch+<>c.<.ctor>b__3_2 modifier by assembly: RiskyMod.dll for: RoR2.HealthComponent.UpdateLastHitTime
[Debug  :RoR2BepInExPack] ILHook RiskyMod.Items.DLC1.Common.PowerElixir+<>c.<.ctor>b__1_0 modifier by assembly: RiskyMod.dll for: RoR2.HealthComponent.UpdateLastHitTime
[Debug  :RoR2BepInExPack] ILHook RiskyMod.Items.Uncommon.LeechingSeed+<>c.<.ctor>b__1_0 modifier by assembly: RiskyMod.dll for: RoR2.GlobalEventManager.ProcessHitEnemy
[Debug  :RoR2BepInExPack] ILHook RiskyMod.Items.Uncommon.AtG+<>c__DisplayClass7_0.<.ctor>b__0 modifier by assembly: RiskyMod.dll for: RoR2.GlobalEventManager.ProcessHitEnemy
[Debug  :RoR2BepInExPack] ILHook RiskyMod.Items.Uncommon.ElementalBands+<>c__DisplayClass5_0.<.ctor>b__0 modifier by assembly: RiskyMod.dll for: RoR2.GlobalEventManager.ProcessHitEnemy
[Debug  :RoR2BepInExPack] OnHook RiskyMod.Items.Uncommon.Bandolier+<>c.<.ctor>b__1_0 added by assembly: RiskyMod.dll for: RoR2.GenericSkill.ApplyAmmoPack
[Debug  :RoR2BepInExPack] OnHook RiskyMod.Items.Uncommon.Stealthkit+<>c.<.ctor>b__2_0 added by assembly: RiskyMod.dll for: RoR2.Items.PhasingBodyBehavior.Start
[Debug  :RoR2BepInExPack] ILHook RiskyMod.Items.Uncommon.WillOWisp+<>c.<.ctor>b__1_0 modifier by assembly: RiskyMod.dll for: RoR2.GlobalEventManager.OnCharacterDeath
[Debug  :RoR2BepInExPack] ILHook RiskyMod.Items.Uncommon.SquidPolyp+<>c.<.ctor>b__7_0 modifier by assembly: RiskyMod.dll for: RoR2.GlobalEventManager.OnInteractionBegin
[Debug  :RoR2BepInExPack] ILHook RiskyMod.Items.Uncommon.Ukulele+<>c.<.ctor>b__1_0 modifier by assembly: RiskyMod.dll for: RoR2.GlobalEventManager.ProcessHitEnemy
[Debug  :RoR2BepInExPack] OnHook RiskyMod.Items.Uncommon.Razorwire+<>c.<.ctor>b__1_0 added by assembly: RiskyMod.dll for: RoR2.HealthComponent.OnInventoryChanged
[Debug  :RoR2BepInExPack] ILHook RiskyMod.Items.Uncommon.RoseBuckler+<>c.<.ctor>b__1_0 modifier by assembly: RiskyMod.dll for: RoR2.CharacterBody.RecalculateStats
[Debug  :RoR2BepInExPack] ILHook RiskyMod.Items.Uncommon.Guillotine+<>c.<.ctor>b__2_0 modifier by assembly: RiskyMod.dll for: RoR2.CharacterBody.OnInventoryChanged
[Debug  :RoR2BepInExPack] ILHook RiskyMod.Items.Uncommon.Berzerker+<>c.<.ctor>b__2_0 modifier by assembly: RiskyMod.dll for: RoR2.CharacterBody.AddMultiKill
[Debug  :RoR2BepInExPack] ILHook RiskyMod.Items.Uncommon.Berzerker+<>c.<.ctor>b__2_1 modifier by assembly: RiskyMod.dll for: RoR2.CharacterBody.OnClientBuffsChanged
[Debug  :RoR2BepInExPack] ILHook RiskyMod.Items.Uncommon.Infusion+<>c.<.ctor>b__3_0 modifier by assembly: RiskyMod.dll for: RoR2.GlobalEventManager.OnCharacterDeath
[Debug  :RoR2BepInExPack] ILHook RiskyMod.Items.Uncommon.Infusion+<>c.<.ctor>b__3_1 modifier by assembly: RiskyMod.dll for: RoR2.CharacterBody.RecalculateStats
[Debug  :RoR2BepInExPack] OnHook RiskyMod.Items.Uncommon.Daisy+<>c.<.ctor>b__1_0 added by assembly: RiskyMod.dll for: RoR2.TeleporterInteraction+ChargingState.FixedUpdate
[Debug  :RoR2BepInExPack] OnHook RiskyMod.Items.Uncommon.Daisy+<>c.<.ctor>b__1_1 added by assembly: RiskyMod.dll for: EntityStates.Missions.BrotherEncounter.BrotherEncounterPhaseBaseState.FixedUpdate
[Debug  :RoR2BepInExPack] OnHook RiskyMod.Items.Uncommon.Daisy.Phase1_OnEnter added by assembly: RiskyMod.dll for: EntityStates.MeridianEvent.Phase1.OnEnter
[Debug  :RoR2BepInExPack] ILHook RiskyMod.Items.DLC1.Uncommon.Harpoon+<>c.<.ctor>b__3_0 modifier by assembly: RiskyMod.dll for: RoR2.GlobalEventManager.OnCharacterDeath
[Debug  :RoR2BepInExPack] ILHook RiskyMod.Items.DLC2.UnstableTransmitter.TeleportOnLowHealthBehavior_TryProc modifier by assembly: RiskyMod.dll for: RoR2.TeleportOnLowHealthBehavior.TryProc
[Debug  :RoR2BepInExPack] ILHook RiskyMod.Items.Legendary.Tesla+<>c.<.ctor>b__1_0 modifier by assembly: RiskyMod.dll for: RoR2.Items.ShockNearbyBodyBehavior.FixedUpdate
[Debug  :RoR2BepInExPack] OnHook RiskyMod.Items.Legendary.FrostRelic+<>c.<.ctor>b__1_0 added by assembly: RiskyMod.dll for: RoR2.IcicleAuraController.Awake
[Debug  :RoR2BepInExPack] OnHook RiskyMod.Items.Legendary.FrostRelic+<>c.<.ctor>b__1_1 added by assembly: RiskyMod.dll for: RoR2.IcicleAuraController.FixedUpdate
[Debug  :RoR2BepInExPack] OnHook RiskyMod.Items.Legendary.FrostRelic+<>c.<.ctor>b__1_2 added by assembly: RiskyMod.dll for: RoR2.IcicleAuraController.UpdateRadius
[Debug  :RoR2BepInExPack] ILHook RiskyMod.Items.Legendary.CeremonialDagger+<>c.<.ctor>b__2_0 modifier by assembly: RiskyMod.dll for: RoR2.GlobalEventManager.OnCharacterDeath
[Debug  :RoR2BepInExPack] ILHook RiskyMod.Items.Legendary.HeadHunter+<>c.<.ctor>b__3_0 modifier by assembly: RiskyMod.dll for: RoR2.GlobalEventManager.OnCharacterDeath
[Debug  :RoR2BepInExPack] OnHook RiskyMod.Items.Legendary.Headstompers+<>c.<.ctor>b__5_0 added by assembly: RiskyMod.dll for: EntityStates.Headstompers.BaseHeadstompersState.OnEnter
[Debug  :RoR2BepInExPack] OnHook RiskyMod.Items.Legendary.Headstompers+<>c.<.ctor>b__5_1 added by assembly: RiskyMod.dll for: EntityStates.Headstompers.BaseHeadstompersState.OnExit
[Debug  :RoR2BepInExPack] OnHook RiskyMod.Items.Legendary.Headstompers+<>c.<SetupCooldownBehavior>b__6_0 added by assembly: RiskyMod.dll for: EntityStates.Headstompers.HeadstompersCooldown.OnEnter
[Debug  :RoR2BepInExPack] OnHook RiskyMod.Items.Legendary.Headstompers+<>c.<SetupCooldownBehavior>b__6_1 added by assembly: RiskyMod.dll for: EntityStates.Headstompers.HeadstompersCooldown.FixedUpdate
[Debug  :RoR2BepInExPack] OnHook RiskyMod.Items.Legendary.Headstompers+<>c.<SetupCooldownBehavior>b__6_2 added by assembly: RiskyMod.dll for: EntityStates.Headstompers.BaseHeadstompersState.OnExit
[Debug  :RoR2BepInExPack] OnHook RiskyMod.Items.Legendary.Headstompers+<>c.<SetupCooldownBehavior>b__6_3 added by assembly: RiskyMod.dll for: EntityStates.Headstompers.HeadstompersIdle.FixedUpdate
[Debug  :RoR2BepInExPack] ILHook RiskyMod.Items.Legendary.Headstompers+<>c.<.ctor>b__5_2 modifier by assembly: RiskyMod.dll for: EntityStates.Headstompers.HeadstompersFall.DoStompExplosionAuthority
[Debug  :RoR2BepInExPack] ILHook RiskyMod.Items.Legendary.HappiestMask+<>c.<.ctor>b__5_0 modifier by assembly: RiskyMod.dll for: RoR2.GlobalEventManager.OnCharacterDeath
[Debug  :RoR2BepInExPack] ILHook RiskyMod.Items.Legendary.Aegis+<>c.<.ctor>b__1_0 modifier by assembly: RiskyMod.dll for: RoR2.HealthComponent.ServerFixedUpdate
[Debug  :RoR2BepInExPack] OnHook RiskyMod.Items.DLC1.Legendary.Raincoat+<>c.<.ctor>b__3_1 added by assembly: RiskyMod.dll for: RoR2.Items.ImmuneToDebuffBehavior.FixedUpdate
[Debug  :RoR2BepInExPack] ILHook RiskyMod.Items.DLC1.Legendary.Raincoat+<>c.<.ctor>b__3_2 modifier by assembly: RiskyMod.dll for: RoR2.Items.ImmuneToDebuffBehavior.TryApplyOverride
[Debug  :RoR2BepInExPack] ILHook RiskyMod.Items.DLC1.Legendary.SpareDroneParts+<>c.<.ctor>b__2_0 modifier by assembly: RiskyMod.dll for: RoR2.DroneWeaponsBehavior.TrySpawnDrone
[Debug  :RoR2BepInExPack] ILHook RiskyMod.Items.DLC1.Legendary.SpareDroneParts+<>c.<.ctor>b__2_1 modifier by assembly: RiskyMod.dll for: RoR2.DroneWeaponsBoostBehavior.OnEnemyHit
[Debug  :RoR2BepInExPack] ILHook RiskyMod.Items.DLC2.Overspill.MeteorAttackOnHighDamageBodyBehavior_DetonateRunicLensMeteor modifier by assembly: RiskyMod.dll for: RoR2.MeteorAttackOnHighDamageBodyBehavior.DetonateRunicLensMeteor
[Debug  :RoR2BepInExPack] ILHook RiskyMod.Items.DLC2.WarBonds.BarrageOnBossBehaviour_UpdateExtraMissileMoneyCount modifier by assembly: RiskyMod.dll for: RoR2.BarrageOnBossBehaviour.UpdateExtraMissileMoneyCount
[Debug  :RoR2BepInExPack] ILHook RiskyMod.Items.DLC2.GrowthNectar.CharacterBody_RecalculateStats modifier by assembly: RiskyMod.dll for: RoR2.CharacterBody.RecalculateStats
[Debug  :RoR2BepInExPack] ILHook RiskyMod.Items.DLC1.Void.Dungus+<>c.<.ctor>b__3_0 modifier by assembly: RiskyMod.dll for: RoR2.MushroomVoidBehavior.FixedUpdate
[Debug  :RoR2BepInExPack] ILHook RiskyMod.Items.DLC1.Void.SaferSpaces+<>c.<.ctor>b__2_0 modifier by assembly: RiskyMod.dll for: RoR2.HealthComponent.TakeDamageProcess
[Debug  :RoR2BepInExPack] ILHook RiskyMod.Items.DLC1.Void.PlasmaShrimp+<>c.<.ctor>b__1_0 modifier by assembly: RiskyMod.dll for: RoR2.GlobalEventManager.ProcessHitEnemy
[Debug  :RoR2BepInExPack] ILHook RiskyMod.Items.DLC1.Void.VoidWisp+<>c.<.ctor>b__1_0 modifier by assembly: RiskyMod.dll for: RoR2.HealthComponent.TakeDamageProcess
[Debug  :RoR2BepInExPack] ILHook RiskyMod.Items.DLC1.Void.Polylute+<>c.<.ctor>b__1_0 modifier by assembly: RiskyMod.dll for: RoR2.GlobalEventManager.ProcessHitEnemy
[Debug  :RoR2BepInExPack] ILHook RiskyMod.Items.DLC1.Void.VoidRing+<>c.<.ctor>b__1_0 modifier by assembly: RiskyMod.dll for: RoR2.GlobalEventManager.ProcessHitEnemy
[Debug  :RoR2BepInExPack] ILHook RiskyMod.Items.DLC1.Void.Zoea+<>c.<.ctor>b__3_0 modifier by assembly: RiskyMod.dll for: RoR2.VoidMegaCrabItemBehavior.FixedUpdate
[Debug  :RoR2BepInExPack] OnHook RiskyMod.Items.DLC1.Void.Zoea+<>c.<.ctor>b__3_1 added by assembly: RiskyMod.dll for: RoR2.VoidMegaCrabItemBehavior.GetMaxProjectiles
[Debug  :RoR2BepInExPack] OnHook RiskyMod.Items.DLC1.Void.Zoea+<>c.<.ctor>b__3_2 added by assembly: RiskyMod.dll for: RoR2.CharacterMaster.GetDeployableSameSlotLimit
[Debug  :RoR2BepInExPack] OnHook RiskyMod.Items.DLC1.Void.Zoea+<>c.<.ctor>b__3_3 added by assembly: RiskyMod.dll for: RoR2.VoidMegaCrabItemBehavior.OnMasterSpawned
[Debug  :RoR2BepInExPack] OnHook RiskyMod.Items.Boss.QueensGland+<>c.<.ctor>b__3_0 added by assembly: RiskyMod.dll for: RoR2.CharacterMaster.GetDeployableSameSlotLimit
[Debug  :RoR2BepInExPack] OnHook RiskyMod.Items.Boss.QueensGland+<>c.<.ctor>b__3_1 added by assembly: RiskyMod.dll for: RoR2.Items.BeetleGlandBodyBehavior.FixedUpdate
[Debug  :RoR2BepInExPack] ILHook RiskyMod.Items.Boss.MoltenPerf+<>c__DisplayClass4_0.<.ctor>b__0 modifier by assembly: RiskyMod.dll for: RoR2.GlobalEventManager.ProcessHitEnemy
[Debug  :RoR2BepInExPack] ILHook RiskyMod.Items.Boss.ChargedPerf+<>c__DisplayClass3_0.<.ctor>b__0 modifier by assembly: RiskyMod.dll for: RoR2.GlobalEventManager.ProcessHitEnemy
[Debug  :RoR2BepInExPack] ILHook RiskyMod.Items.Boss.Shatterspleen+<>c.<.ctor>b__1_0 modifier by assembly: RiskyMod.dll for: RoR2.CharacterBody.RecalculateStats
[Debug  :RoR2BepInExPack] ILHook RiskyMod.Items.Boss.Shatterspleen+<>c.<.ctor>b__1_1 modifier by assembly: RiskyMod.dll for: RoR2.GlobalEventManager.ProcessHitEnemy
[Debug  :RoR2BepInExPack] ILHook RiskyMod.Items.Boss.Shatterspleen+<>c.<.ctor>b__1_2 modifier by assembly: RiskyMod.dll for: RoR2.GlobalEventManager.OnCharacterDeath
[Debug  :RoR2BepInExPack] ILHook RiskyMod.Items.Boss.Knurl+<>c.<.ctor>b__1_0 modifier by assembly: RiskyMod.dll for: RoR2.CharacterBody.RecalculateStats
[Debug  :RoR2BepInExPack] OnHook RiskyMod.Items.Boss.Disciple+<>c.<.ctor>b__1_0 added by assembly: RiskyMod.dll for: RoR2.Items.SprintWispBodyBehavior.Fire
[Debug  :RoR2BepInExPack] ILHook RiskyMod.Items.Boss.GenesisLoop+<>c.<.ctor>b__1_0 modifier by assembly: RiskyMod.dll for: EntityStates.VagrantNovaItem.ChargeState.OnEnter
[Debug  :RoR2BepInExPack] OnHook RiskyMod.Items.Boss.EmpathyCores+<>c.<.ctor>b__4_0 added by assembly: RiskyMod.dll for: RoR2.Items.RoboBallBuddyBodyBehavior.OnMinionSpawnedServer
[Debug  :RoR2BepInExPack] ILHook RiskyMod.Items.Boss.EmpathyCores+<>c.<.ctor>b__4_1 modifier by assembly: RiskyMod.dll for: RoR2.DeployableMinionSpawner.SpawnMinion
[Debug  :RoR2BepInExPack] OnHook RiskyMod.Items.DLC1.Boss.DefenseNucleus+<>c.<.ctor>b__8_0 added by assembly: RiskyMod.dll for: RoR2.CharacterMaster.GetDeployableSameSlotLimit
[Debug  :RoR2BepInExPack] ILHook RiskyMod.Items.DLC1.Boss.DefenseNucleus+<>c.<.ctor>b__8_1 modifier by assembly: RiskyMod.dll for: RoR2.GlobalEventManager.OnCharacterDeath
[Debug  :RoR2BepInExPack] OnHook RiskyMod.Items.Boss.HalcyonSeed+<>c.<.ctor>b__2_0 added by assembly: RiskyMod.dll for: RoR2.CharacterBody.Start
[Debug  :RoR2BepInExPack] ILHook RiskyMod.Items.Lunar.ShapedGlass+<>c.<.ctor>b__1_0 modifier by assembly: RiskyMod.dll for: RoR2.CharacterBody.RecalculateStats
[Debug  :RoR2BepInExPack] ILHook RiskyMod.Items.Lunar.Transcendence.CharacterBody_UpdateOutOfCombatAndDanger modifier by assembly: RiskyMod.dll for: RoR2.CharacterBody.UpdateOutOfCombatAndDanger
[Debug  :RoR2BepInExPack] ILHook RiskyMod.Items.Lunar.BrittleCrown+<>c.<.ctor>b__3_0 modifier by assembly: RiskyMod.dll for: RoR2.GlobalEventManager.ProcessHitEnemy
[Debug  :RoR2BepInExPack] ILHook RiskyMod.Items.Lunar.Meteorite.MeteorStormController_DetonateMeteor modifier by assembly: RiskyMod.dll for: RoR2.MeteorStormController.DetonateMeteor
[Debug  :RoR2BepInExPack] OnHook RiskyMod.Items.Equipment.CritHud+<>c.<.ctor>b__1_0 added by assembly: RiskyMod.dll for: RoR2.EquipmentCatalog.Init
[Debug  :RoR2BepInExPack] ILHook RiskyMod.Items.Equipment.CritHud+<>c.<.ctor>b__1_1 modifier by assembly: RiskyMod.dll for: RoR2.CharacterBody.RecalculateStats
[Debug  :RoR2BepInExPack] OnHook RiskyMod.Items.Equipment.VolcanicEgg+<>c.<.ctor>b__1_0 added by assembly: RiskyMod.dll for: RoR2.EquipmentCatalog.Init
[Debug  :RoR2BepInExPack] OnHook RiskyMod.Items.Equipment.BFG+<>c.<.ctor>b__1_0 added by assembly: RiskyMod.dll for: RoR2.EquipmentCatalog.Init
[Debug  :RoR2BepInExPack] OnHook RiskyMod.Items.Equipment.Backup+<>c.<.ctor>b__4_0 added by assembly: RiskyMod.dll for: RoR2.EquipmentSlot.FireDroneBackup
[Debug  :RoR2BepInExPack] ILHook RiskyMod.Items.Equipment.SuperLeech+<>c.<.ctor>b__1_0 modifier by assembly: RiskyMod.dll for: RoR2.GlobalEventManager.ProcessHitEnemy
[Debug  :RoR2BepInExPack] OnHook RiskyMod.Items.DLC1.Equipment.Goobo+<>c.<.ctor>b__1_0 added by assembly: RiskyMod.dll for: RoR2.EquipmentCatalog.Init
[Debug  :RoR2BepInExPack] OnHook RiskyMod.Items.DLC1.Equipment.Goobo+<>c.<.ctor>b__1_1 added by assembly: RiskyMod.dll for: RoR2.Projectile.GummyCloneProjectile.SpawnGummyClone
[Debug  :RoR2BepInExPack] ILHook RiskyMod.Items.DLC1.Equipment.Goobo+<>c.<.ctor>b__1_2 modifier by assembly: RiskyMod.dll for: RoR2.Projectile.GummyCloneProjectile.SpawnGummyClone
[Debug  :RoR2BepInExPack] OnHook RiskyMod.Allies.AllyScaling+<>c.<.ctor>b__3_0 added by assembly: RiskyMod.dll for: RoR2.SummonMasterBehavior.OpenSummonReturnMaster
[Debug  :RoR2BepInExPack] OnHook RiskyMod.Allies.AllyScaling+<>c.<.ctor>b__3_1 added by assembly: RiskyMod.dll for: RoR2.DroneWeaponsBehavior.OnMasterSpawned
[Debug  :RoR2BepInExPack] ILHook RiskyMod.Allies.ModifyBulletAttacks+<>c.<.ctor>b__1_0 modifier by assembly: RiskyMod.dll for: EntityStates.Drone.DroneWeapon.FireGatling.OnEnter
[Debug  :RoR2BepInExPack] ILHook RiskyMod.Allies.ModifyBulletAttacks+<>c.<.ctor>b__1_1 modifier by assembly: RiskyMod.dll for: EntityStates.Drone.DroneWeapon.FireTurret.OnEnter
[Debug  :RoR2BepInExPack] OnHook RiskyMod.Allies.NoVoidDamage+<>c.<.ctor>b__1_0 added by assembly: RiskyMod.dll for: RoR2.HealthComponent.TakeDamageProcess
[Debug  :RoR2BepInExPack] OnHook RiskyMod.Allies.DroneChanges.GunnerTurret.TeleportTurretToMithrix added by assembly: RiskyMod.dll for: EntityStates.Missions.BrotherEncounter.Phase1.OnEnter
[Debug  :RoR2BepInExPack] OnHook RiskyMod.Allies.DroneChanges.GunnerTurret.HoldoutZoneController_OnEnable added by assembly: RiskyMod.dll for: RoR2.HoldoutZoneController.OnEnable
[Debug  :RoR2BepInExPack] OnHook RiskyMod.Allies.DroneChanges.MegaDrone+<>c.<UpgradeMegaTurret>b__4_0 added by assembly: RiskyMod.dll for: EntityStates.Drone.DroneWeapon.FireMegaTurret.OnEnter
[Debug  :RoR2BepInExPack] ILHook RiskyMod.Allies.DroneChanges.MegaDrone+<>c.<UpgradeMegaTurret>b__4_1 modifier by assembly: RiskyMod.dll for: EntityStates.Drone.DroneWeapon.FireMegaTurret.FireBullet
[Debug  :RoR2BepInExPack] ILHook RiskyMod.Allies.CheaperRepairs+<>c.<.ctor>b__1_0 modifier by assembly: RiskyMod.dll for: EntityStates.Drone.DeathState.OnImpactServer
[Debug  :RoR2BepInExPack] OnHook RiskyMod.VoidFields.ReduceHoldoutCount.SetRoundsAndOverrideRewards added by assembly: RiskyMod.dll for: RoR2.ArenaMissionController.Awake
[Debug  :RoR2BepInExPack] OnHook RiskyMod.VoidFields.ReduceHoldoutCount.AugmentBeginRound added by assembly: RiskyMod.dll for: RoR2.ArenaMissionController.BeginRound
[Debug  :RoR2BepInExPack] OnHook RiskyMod.VoidFields.ReduceHoldoutCount.PreventOnRound5 added by assembly: RiskyMod.dll for: RoR2.ArenaMissionController.AddMonsterType
[Debug  :RoR2BepInExPack] OnHook RiskyMod.Moon.LessPillars+<>c.<.ctor>b__1_0 added by assembly: RiskyMod.dll for: RoR2.MoonBatteryMissionController.Awake
[Debug  :RoR2BepInExPack] OnHook RiskyMod.Moon.LargerHoldouts.ModifyMoonHoldout added by assembly: RiskyMod.dll for: RoR2.HoldoutZoneController.Start
[Debug  :RoR2BepInExPack] OnHook RiskyMod.VoidLocus.RemoveFog+<>c.<.ctor>b__1_0 added by assembly: RiskyMod.dll for: RoR2.VoidStageMissionController.RequestFog
[Debug  :RoR2BepInExPack] ILHook RiskyMod.Survivors.Bandit2.BackstabRework+<>c.<.ctor>b__1_0 modifier by assembly: RiskyMod.dll for: RoR2.CharacterBody.RecalculateStats
[Debug  :RoR2BepInExPack] OnHook RiskyMod.Survivors.Bandit2.BuffHemorrhage+<>c.<.ctor>b__3_0 added by assembly: RiskyMod.dll for: RoR2.HealthComponent.TakeDamageProcess
[Debug  :RoR2BepInExPack] OnHook RiskyMod.Survivors.Bandit2.Bandit2Core+<>c.<ModifySecondaries>b__22_0 added by assembly: RiskyMod.dll for: EntityStates.Bandit2.Weapon.Bandit2FireShiv.FireShiv
[Debug  :RoR2BepInExPack] OnHook RiskyMod.Survivors.Bandit2.SpecialDamageTweaks.ProcStandoffOnKill added by assembly: RiskyMod.dll for: RoR2.GlobalEventManager.OnCharacterDeath
[Debug  :RoR2BepInExPack] OnHook RiskyMod.Survivors.Captain.Microbots+<>c.<.ctor>b__2_0 added by assembly: RiskyMod.dll for: EntityStates.CaptainDefenseMatrixItem.DefenseMatrixOn.DeleteNearbyProjectile
[Debug  :RoR2BepInExPack] OnHook RiskyMod.Survivors.Captain.Microbots.MicrobotsAttackSpeedHook added by assembly: RiskyMod.dll for: EntityStates.CaptainDefenseMatrixItem.DefenseMatrixOn.get_rechargeFrequency
[Debug  :RoR2BepInExPack] ILHook RiskyMod.Survivors.Captain.TaserRework.FireTazer_Fire modifier by assembly: RiskyMod.dll for: EntityStates.Captain.Weapon.FireTazer.Fire
[Debug  :RoR2BepInExPack] OnHook RiskyMod.Survivors.Captain.BeaconRework+<>c.<AddCooldown>b__13_0 added by assembly: RiskyMod.dll for: RoR2.CaptainSupplyDropController.SetSkillOverride
[Debug  :RoR2BepInExPack] OnHook RiskyMod.Survivors.Captain.BeaconRework+<>c.<AddCooldown>b__13_0 added by assembly: RiskyMod.dll for: RoR2.CaptainSupplyDropController.SetSkillOverride
[Debug  :RoR2BepInExPack] OnHook RiskyMod.Survivors.Captain.BeaconRework+<>c.<AddCooldown>b__13_0 added by assembly: RiskyMod.dll for: RoR2.CaptainSupplyDropController.SetSkillOverride
[Debug  :RoR2BepInExPack] ILHook RiskyMod.Survivors.Captain.BeaconRework+<>c.<.ctor>b__11_0 modifier by assembly: RiskyMod.dll for: EntityStates.Captain.Weapon.CallSupplyDropBase.OnEnter
[Debug  :RoR2BepInExPack] ILHook RiskyMod.Survivors.Captain.BeaconRework+<>c.<.ctor>b__11_1 modifier by assembly: RiskyMod.dll for: EntityStates.Captain.Weapon.CallSupplyDropBase.OnEnter
[Debug  :RoR2BepInExPack] ILHook RiskyMod.Survivors.Captain.BeaconRework+<>c.<ModifyBeaconShocking>b__15_0 modifier by assembly: RiskyMod.dll for: EntityStates.CaptainSupplyDrop.ShockZoneMainState.Shock
[Debug  :RoR2BepInExPack] OnHook RiskyMod.Survivors.Captain.CaptainCore+<>c.<.ctor>b__9_0 added by assembly: RiskyMod.dll for: RoR2.EntityStateCatalog.InitializeStateFields
[Debug  :RoR2BepInExPack] OnHook RiskyMod.Survivors.Captain.CaptainCore+<>c.<.ctor>b__9_1 added by assembly: RiskyMod.dll for: RoR2.GenericSkill.ApplyAmmoPack
[Debug  :RoR2BepInExPack] OnHook RiskyMod.Survivors.Commando.CommandoCore+<>c.<ModifyUtilities>b__14_0 added by assembly: RiskyMod.dll for: EntityStates.Commando.DodgeState.OnEnter
[Debug  :RoR2BepInExPack] ILHook RiskyMod.SharedHooks.BulletAttackHooks.RemoveBulletFalloff modifier by assembly: RiskyMod.dll for: EntityStates.Commando.CommandoWeapon.FireBarrage.FireBullet
[Debug  :RoR2BepInExPack] OnHook RiskyMod.Survivors.Commando.CommandoCore.FireBarrage_GetMinimumInterruptPriority added by assembly: RiskyMod.dll for: EntityStates.Commando.CommandoWeapon.FireBarrage.GetMinimumInterruptPriority
[Debug  :RoR2BepInExPack] ILHook RiskyMod.Survivors.Croco.Tweaks.UtilityKnockdown.BaseLeap_DetonateAuthority modifier by assembly: RiskyMod.dll for: EntityStates.Croco.BaseLeap.DetonateAuthority
[Debug  :RoR2BepInExPack] ILHook RiskyMod.Survivors.Croco.Tweaks.BuffFrenziedLeap.ChainableLeap_DoImpactAuthority modifier by assembly: RiskyMod.dll for: EntityStates.Croco.ChainableLeap.DoImpactAuthority
[Debug  :RoR2BepInExPack] OnHook RiskyMod.Survivors.Croco.Tweaks.BiggerLeapHitbox+<>c.<.ctor>b__1_0 added by assembly: RiskyMod.dll for: EntityStates.Croco.BaseLeap.FixedUpdate
[Debug  :RoR2BepInExPack] OnHook RiskyMod.Survivors.Croco.Contagion.ContagionPassive.HealthComponent_TakeDamageProcess added by assembly: RiskyMod.dll for: RoR2.HealthComponent.TakeDamageProcess
[Debug  :RoR2BepInExPack] OnHook RiskyMod.Survivors.Croco.Contagion.ContagionPassive.CrocoDamageTypeController_GetDamageType added by assembly: RiskyMod.dll for: RoR2.CrocoDamageTypeController.GetDamageType
[Debug  :RoR2BepInExPack] OnHook RiskyMod.Survivors.Croco.Contagion.ContagionPassive.Slash_OnEnter added by assembly: RiskyMod.dll for: EntityStates.Croco.Slash.OnEnter
[Debug  :RoR2BepInExPack] OnHook RiskyMod.Survivors.Croco.Contagion.ModifySpecial+<>c.<SetupEpidemicVFX>b__5_0 added by assembly: RiskyMod.dll for: RoR2.CharacterBody.OnClientBuffsChanged
[Debug  :RoR2BepInExPack] ILHook RiskyMod.Survivors.Engi.PressureMines+<>c.<.ctor>b__1_0 modifier by assembly: RiskyMod.dll for: EntityStates.Engi.Mine.WaitForTarget.FixedUpdate
[Debug  :RoR2BepInExPack] OnHook RiskyMod.Survivors.Engi.BubbleDefenseMatrix.Deployed_FixedUpdate added by assembly: RiskyMod.dll for: EntityStates.Engi.EngiBubbleShield.Deployed.FixedUpdate
[Debug  :RoR2BepInExPack] OnHook RiskyMod.Survivors.Engi.BubbleDefenseMatrix.Deployed_OnExit added by assembly: RiskyMod.dll for: EntityStates.Engi.EngiBubbleShield.Deployed.OnExit
[Debug  :RoR2BepInExPack] ILHook RiskyMod.Survivors.Huntress.ArrowRainBuff.ArrowRain_DoFireArrowRain modifier by assembly: RiskyMod.dll for: EntityStates.Huntress.ArrowRain.DoFireArrowRain
[Debug  :RoR2BepInExPack] ILHook RiskyMod.Survivors.Toolbot.ToolbotCore+<>c.<SawChanges>b__14_0 modifier by assembly: RiskyMod.dll for: EntityStates.Toolbot.FireBuzzsaw.FixedUpdate
[Debug  :RoR2BepInExPack] OnHook RiskyMod.Survivors.Toolbot.ToolbotCore+<>c.<SawChanges>b__14_1 added by assembly: RiskyMod.dll for: EntityStates.Toolbot.FireBuzzsaw.OnEnter
[Debug  :RoR2BepInExPack] ILHook RiskyMod.Survivors.Toolbot.ToolbotCore+<>c.<SawChanges>b__14_2 modifier by assembly: RiskyMod.dll for: EntityStates.Toolbot.FireBuzzsaw.FixedUpdate
[Debug  :RoR2BepInExPack] OnHook RiskyMod.Survivors.Toolbot.ToolbotCore.AimStunDrone_ModifyProjectile added by assembly: RiskyMod.dll for: EntityStates.Toolbot.AimStunDrone.ModifyProjectile
[Debug  :RoR2BepInExPack] OnHook RiskyMod.Survivors.Treebot.DefaultUtilityHeal+<>c.<.ctor>b__0_0 added by assembly: RiskyMod.dll for: EntityStates.Treebot.Weapon.FireSonicBoom.AddDebuff
[Debug  :RoR2BepInExPack] ILHook RiskyMod.Survivors.Loader.ZapConePosition+<>c.<.ctor>b__0_0 modifier by assembly: RiskyMod.dll for: EntityStates.Loader.SwingZapFist.OnMeleeHitAuthority
[Debug  :RoR2BepInExPack] OnHook RiskyMod.Survivors.Loader.BiggerSlamHitbox+<>c.<.ctor>b__1_0 added by assembly: RiskyMod.dll for: EntityStates.Loader.GroundSlam.FixedUpdate
[Debug  :RoR2BepInExPack] ILHook RiskyMod.Survivors.Loader.SlamScrapBarrier+<>c.<.ctor>b__0_0 modifier by assembly: RiskyMod.dll for: EntityStates.Loader.GroundSlam.FixedUpdate
[Debug  :RoR2BepInExPack] ILHook RiskyMod.Survivors.Loader.SlamDamageType+<>c.<.ctor>b__0_0 modifier by assembly: RiskyMod.dll for: EntityStates.Loader.GroundSlam.DetonateAuthority
[Debug  :RoR2BepInExPack] ILHook RiskyMod.Survivors.Mage.MageCore+<>c.<HandleIonSurge>b__25_0 modifier by assembly: RiskyMod.dll for: EntityStates.Mage.FlyUpState.OnEnter
[Debug  :RoR2BepInExPack] OnHook RiskyMod.Survivors.DLC1.VoidFiend.VoidFiendCore+<>c.<ModifyPassive>b__12_0 added by assembly: RiskyMod.dll for: RoR2.VoidSurvivorController.OnEnable
[Debug  :RoR2BepInExPack] OnHook RiskyMod.Survivors.DLC1.VoidFiend.VoidFiendCore+<>c.<ModifyPassive>b__12_1 added by assembly: RiskyMod.dll for: RoR2.VoidSurvivorController.OnCharacterHealServer
[Debug  :RoR2BepInExPack] OnHook RiskyMod.Survivors.DLC1.VoidFiend.VoidFiendCore+<>c.<ModifyPassive>b__12_2 added by assembly: RiskyMod.dll for: RoR2.VoidSurvivorController.OnDamageDealtServer
[Debug  :RoR2BepInExPack] OnHook RiskyMod.Survivors.DLC1.VoidFiend.UtilityFallImmune+<>c.<.ctor>b__2_1 added by assembly: RiskyMod.dll for: RoR2.HealthComponent.TakeDamageProcess
[Debug  :RoR2BepInExPack] OnHook RiskyMod.Survivors.DLC1.VoidFiend.UtilityFallImmune+<>c.<.ctor>b__2_2 added by assembly: RiskyMod.dll for: RoR2.CharacterMotor.FixedUpdate
[Debug  :RoR2BepInExPack] OnHook RiskyMod.Survivors.DLC1.VoidFiend.UtilityFallImmune+<>c.<.ctor>b__2_3 added by assembly: RiskyMod.dll for: EntityStates.VoidSurvivor.VoidBlinkBase.OnExit
[Debug  :RoR2BepInExPack] ILHook RiskyMod.Survivors.Seeker.SeekerCore.SeekerController_UnlockGateEffects modifier by assembly: RiskyMod.dll for: RoR2.SeekerController.UnlockGateEffects
[Debug  :RoR2BepInExPack] ILHook RiskyMod.Survivors.Seeker.SeekerCore.UnseenHand_FixedUpdate modifier by assembly: RiskyMod.dll for: EntityStates.Seeker.UnseenHand.FixedUpdate
[Debug  :RoR2BepInExPack] ILHook RiskyMod.Enemies.Mobs.Jellyfish+<>c.<ChangeFalloff>b__2_0 modifier by assembly: RiskyMod.dll for: EntityStates.JellyfishMonster.JellyNova.Detonate
[Debug  :RoR2BepInExPack] OnHook RiskyMod.Enemies.Mobs.Lemurian+<>c.<.ctor>b__1_0 added by assembly: RiskyMod.dll for: EntityStates.LemurianMonster.Bite.FixedUpdate
[Debug  :RoR2BepInExPack] ILHook RiskyMod.Enemies.Mobs.Bison+<>c.<.ctor>b__2_0 modifier by assembly: RiskyMod.dll for: EntityStates.Bison.SpawnState.OnEnter
[Debug  :RoR2BepInExPack] ILHook RiskyMod.Enemies.Mobs.Parent+<>c.<SlamFalloff>b__3_0 modifier by assembly: RiskyMod.dll for: EntityStates.ParentMonster.GroundSlam.FixedUpdate
[Debug  :RoR2BepInExPack] OnHook RiskyMod.Enemies.Mobs.VoidReaver+<>c.<.ctor>b__3_0 added by assembly: RiskyMod.dll for: RoR2.HealthComponent.TakeDamageProcess
[Debug  :RoR2BepInExPack] OnHook RiskyMod.Enemies.Mobs.Lunar.LunarWisp+<>c.<RemoveHitscan>b__6_0 added by assembly: RiskyMod.dll for: EntityStates.LunarWisp.FireLunarGuns.OnFireAuthority
[Debug  :RoR2BepInExPack] ILHook RiskyMod.Enemies.Bosses.Vagrant+<>c.<DisableNovaAttackSpeed>b__3_0 modifier by assembly: RiskyMod.dll for: EntityStates.VagrantMonster.ChargeMegaNova.OnEnter
[Debug  :RoR2BepInExPack] ILHook RiskyMod.Enemies.Bosses.Titan+<>c.<MegaLaserAttackSpeed>b__5_0 modifier by assembly: RiskyMod.dll for: EntityStates.TitanMonster.FireMegaLaser.FixedUpdate
[Debug  :RoR2BepInExPack] OnHook RiskyMod.Enemies.Bosses.Titan+<>c.<FistRework>b__7_0 added by assembly: RiskyMod.dll for: EntityStates.TitanMonster.FireFist.PlacePredictedAttack
[Debug  :RoR2BepInExPack] OnHook RiskyMod.Enemies.Bosses.Titan+<>c.<RockTargeting>b__8_0 added by assembly: RiskyMod.dll for: RoR2.TitanRockController.Fire
[Debug  :RoR2BepInExPack] ILHook RiskyMod.Enemies.DLC1.VoidInfestor+<>c.<.ctor>b__2_0 modifier by assembly: RiskyMod.dll for: EntityStates.VoidInfestor.Infest.OnEnter
[Debug  :RoR2BepInExPack] ILHook RiskyMod.Enemies.DLC1.VoidInfestor+<>c.<.ctor>b__2_1 modifier by assembly: RiskyMod.dll for: EntityStates.VoidInfestor.Infest.FixedUpdate
[Debug  :RoR2BepInExPack] OnHook RiskyMod.Enemies.DLC1.XiConstruct+<>c.<.ctor>b__2_0 added by assembly: RiskyMod.dll for: EntityStates.MajorConstruct.Weapon.ChargeLaser.OnEnter
[Debug  :RoR2BepInExPack] OnHook RiskyMod.Enemies.DLC1.XiConstruct+<>c.<.ctor>b__2_1 added by assembly: RiskyMod.dll for: EntityStates.MajorConstruct.Weapon.FireLaser.OnEnter
[Debug  :RoR2BepInExPack] OnHook RiskyMod.Enemies.DLC1.XiConstruct+<>c.<.ctor>b__2_2 added by assembly: RiskyMod.dll for: EntityStates.MajorConstruct.Weapon.TerminateLaser.OnEnter
[Debug  :RoR2BepInExPack] OnHook RiskyMod.SharedHooks.RecalculateStats.CharacterBody_RecalculateStats added by assembly: RiskyMod.dll for: RoR2.CharacterBody.RecalculateStats
[Debug  :RoR2BepInExPack] OnHook RiskyMod.SharedHooks.TakeDamage.HealthComponent_TakeDamage added by assembly: RiskyMod.dll for: RoR2.HealthComponent.TakeDamageProcess
[Debug  :RoR2BepInExPack] OnHook RiskyMod.SharedHooks.OnCharacterDeath.GlobalEventManager_OnCharacterDeath added by assembly: RiskyMod.dll for: RoR2.GlobalEventManager.OnCharacterDeath
[Debug  :RoR2BepInExPack] OnHook RiskyMod.SharedHooks.OnHitAll.GlobalEventManager_OnHitAll added by assembly: RiskyMod.dll for: RoR2.GlobalEventManager.OnHitAllProcess
[Debug  :RoR2BepInExPack] OnHook RiskyMod.SharedHooks.HealthComponent_UpdateLastHitTime.UpdateLastHitTime added by assembly: RiskyMod.dll for: RoR2.HealthComponent.UpdateLastHitTime
[Info   :   BepInEx] TS Manifest: William758-CorpseBloomReborn-1.3.0
[Info   :   BepInEx] Loading [CorpseBloomReborn 1.3.0]
[Debug  :RoR2BepInExPack] OnHook TPDespair.CorpseBloomReborn.ReserveManager+<>c.<RecalculateReserveHook>b__15_0 added by assembly: CorpseBloomReborn.dll for: RoR2.CharacterBody.RecalculateStats
[Debug  :RoR2BepInExPack] OnHook TPDespair.CorpseBloomReborn.ReserveManager+<>c.<DestroyReserveHook>b__16_0 added by assembly: CorpseBloomReborn.dll for: RoR2.CharacterBody.OnDestroy
[Debug  :RoR2BepInExPack] OnHook TPDespair.CorpseBloomReborn.CorpseBloomRebornPlugin+<>c.<HudAwakeHook>b__11_0 added by assembly: CorpseBloomReborn.dll for: RoR2.UI.HUD.Awake
[Debug  :RoR2BepInExPack] OnHook TPDespair.CorpseBloomReborn.CorpseBloomRebornPlugin+<>c.<AllyCardAwakeHook>b__12_0 added by assembly: CorpseBloomReborn.dll for: RoR2.UI.AllyCardController.Awake
[Debug  :RoR2BepInExPack] OnHook TPDespair.CorpseBloomReborn.CorpseBloomRebornPlugin+<>c.<LanguageOverride>b__14_0 added by assembly: CorpseBloomReborn.dll for: RoR2.Language.TokenIsRegistered
[Debug  :RoR2BepInExPack] OnHook TPDespair.CorpseBloomReborn.CorpseBloomRebornPlugin+<>c.<LanguageOverride>b__14_1 added by assembly: CorpseBloomReborn.dll for: RoR2.Language.GetString
[Info   :   BepInEx] TS Manifest: viliger-RestoreGrandparentRock-1.0.0
[Info   :   BepInEx] Loading [RandyBobandyBrokeMyGamandy 1.0.0]
[Info   :   BepInEx] TS Manifest: DropPod-LookingGlass-1.13.0
[Info   :   BepInEx] Loading [LookingGlass 1.13.0]
[Debug  :RoR2BepInExPack] OnHook LookingGlass.StatsDisplay.StatsDisplayClass.OnEnable added by assembly: LookingGlass.dll for: RoR2.UI.ScoreboardController.OnEnable
[Debug  :RoR2BepInExPack] OnHook LookingGlass.StatsDisplay.StatsDisplayClass.OnDisable added by assembly: LookingGlass.dll for: RoR2.UI.ScoreboardController.OnDisable
[Debug  :RoR2BepInExPack] OnHook LookingGlass.AutoSortItems.AutoSortItemsClass.UpdateDisplayOverride added by assembly: LookingGlass.dll for: RoR2.UI.ItemInventoryDisplay.UpdateDisplay
[Debug  :RoR2BepInExPack] OnHook LookingGlass.ItemStatsNameSpace.ItemStats.PickupText added by assembly: LookingGlass.dll for: RoR2.UI.GenericNotification.SetItem
[Debug  :RoR2BepInExPack] OnHook LookingGlass.ItemStatsNameSpace.ItemStats.EquipmentText added by assembly: LookingGlass.dll for: RoR2.UI.GenericNotification.SetEquipment
[Debug  :RoR2BepInExPack] OnHook LookingGlass.ItemStatsNameSpace.ItemStats.ItemIndexText added by assembly: LookingGlass.dll for: RoR2.UI.ItemIcon.SetItemIndex
[Debug  :RoR2BepInExPack] OnHook LookingGlass.ItemStatsNameSpace.ItemStats.ItemPinged added by assembly: LookingGlass.dll for: RoR2.PingerController.SetCurrentPing
[Debug  :RoR2BepInExPack] OnHook LookingGlass.ItemStatsNameSpace.ItemStats.SkillUpdate added by assembly: LookingGlass.dll for: RoR2.UI.SkillIcon.Update
[Debug  :RoR2BepInExPack] OnHook LookingGlass.CommandWindowBlur.NoWindowBlur.OnDisplayBegin added by assembly: LookingGlass.dll for: RoR2.PickupPickerController.OnDisplayBegin
[Debug  :RoR2BepInExPack] OnHook LookingGlass.HidePickupNotifs.HidePickupNotifications.PushPickupNotification added by assembly: LookingGlass.dll for: RoR2.CharacterMasterNotificationQueue.PushPickupNotification
[Debug  :RoR2BepInExPack] OnHook LookingGlass.CommandItemCount.CommandItemCountClass.PickupPickerPanel added by assembly: LookingGlass.dll for: RoR2.UI.PickupPickerPanel.SetPickupOptions
[Debug  :RoR2BepInExPack] OnHook LookingGlass.CommandItemCount.CommandItemCountClass.InitializeTransformedToOriginal added by assembly: LookingGlass.dll for: RoR2.Items.ContagiousItemManager.InitTransformationTable
[Debug  :RoR2BepInExPack] OnHook LookingGlass.CommandItemCount.CommandItemCountClass.SubmitChoice added by assembly: LookingGlass.dll for: RoR2.PickupPickerController.SubmitChoice
[Debug  :RoR2BepInExPack] OnHook LookingGlass.ItemCounters.ItemCounter.UpdateMoneyText added by assembly: LookingGlass.dll for: RoR2.UI.ScoreboardStrip.UpdateMoneyText
[Debug  :RoR2BepInExPack] OnHook LookingGlass.ItemCounters.ItemCounter.SetMaster added by assembly: LookingGlass.dll for: RoR2.UI.ScoreboardStrip.SetMaster
[Debug  :RoR2BepInExPack] OnHook LookingGlass.BuffTimers.BuffTimersClass.UpdateLayout added by assembly: LookingGlass.dll for: RoR2.UI.BuffDisplay.UpdateLayout
[Debug  :RoR2BepInExPack] OnHook LookingGlass.DPSMeterStuff.DPSMeter.TrackDamage added by assembly: LookingGlass.dll for: RoR2.GlobalEventManager.ClientDamageNotified
[Debug  :RoR2BepInExPack] OnHook LookingGlass.DPSMeterStuff.DPSMeter.RunOnEnable added by assembly: LookingGlass.dll for: RoR2.Run.OnEnable
[Debug  :RoR2BepInExPack] OnHook LookingGlass.DPSMeterStuff.DPSMeter.ResetOnStage added by assembly: LookingGlass.dll for: RoR2.Stage.PreStartClient
[Debug  :RoR2BepInExPack] OnHook LookingGlass.PortalTracker.StageStart added by assembly: LookingGlass.dll for: RoR2.Stage.PreStartClient
[Debug  :RoR2BepInExPack] OnHook LookingGlass.PortalTracker.TrackPortalSpawner added by assembly: LookingGlass.dll for: RoR2.PortalSpawner.OnWillSpawnUpdated
[Debug  :RoR2BepInExPack] OnHook LookingGlass.EquipTimerFix.CooldownFixer.SetDisplayData added by assembly: LookingGlass.dll for: RoR2.UI.EquipmentIcon.SetDisplayData
[Debug  :RoR2BepInExPack] OnHook LookingGlass.EquipTimerFix.CooldownFixer.Update added by assembly: LookingGlass.dll for: RoR2.UI.SkillIcon.Update
[Debug  :RoR2BepInExPack] OnHook LookingGlass.HiddenItems.UnHiddenItems.ItemCatalogInit added by assembly: LookingGlass.dll for: RoR2.ItemCatalog.Init
[Debug  :RoR2BepInExPack] OnHook LookingGlass.BuffDescriptions.BuffDescriptionsClass.BuffIconUpdateIcon added by assembly: LookingGlass.dll for: RoR2.UI.BuffIcon.UpdateIcon
[Debug  :RoR2BepInExPack] OnHook LookingGlass.PickupNotifsDuration.PickupNotifDurationClass.PushNotification added by assembly: LookingGlass.dll for: RoR2.CharacterMasterNotificationQueue.PushNotification
[Info   :   BepInEx] TS Manifest: Wolfo-WolfFixes-1.1.17
[Info   :   BepInEx] Loading [WolfoBugFixes 1.1.17]
[Info   :   BepInEx] TS Manifest: Faustvii-QoLChests-1.2.2
[Info   :   BepInEx] Loading [QoLChests 1.2.1]
[Debug  :RoR2BepInExPack] OnHook Faust.QoLChests.Hooks.ChestHooks.BarrelOpened added by assembly: QoLChests.dll for: EntityStates.Barrel.Opened.OnEnter
[Debug  :RoR2BepInExPack] OnHook Faust.QoLChests.Hooks.ChestHooks.RouletteOpened added by assembly: QoLChests.dll for: RoR2.RouletteChestController+Opened.OnEnter
[Debug  :RoR2BepInExPack] OnHook Faust.QoLChests.Hooks.ChestHooks.ResetChestForDelusion added by assembly: QoLChests.dll for: RoR2.DelusionChestController.ResetChestForDelusion
[Debug  :RoR2BepInExPack] OnHook Faust.QoLChests.Hooks.ShopHooks.SetHasBeenPurchased added by assembly: QoLChests.dll for: RoR2.ShopTerminalBehavior.SetHasBeenPurchased
[Debug  :RoR2BepInExPack] OnHook Faust.QoLChests.Hooks.ShopHooks.MultiShopControllerOnPurchase added by assembly: QoLChests.dll for: RoR2.MultiShopController.OnPurchase
[Debug  :RoR2BepInExPack] OnHook Faust.QoLChests.Hooks.SceneHooks.Start added by assembly: QoLChests.dll for: RoR2.SceneDirector.Start
[Debug  :RoR2BepInExPack] OnHook InteractableSpawnHooks.ClassicStageInfoStart added by assembly: QoLChests.dll for: RoR2.ClassicStageInfo.Start
[Info   :   BepInEx] TS Manifest: Goorakh-PizzaSoundFix-1.0.0
[Info   :   BepInEx] Loading [PizzaSoundFix 1.0.0]
[Message:PizzaSoundFix] Initialized in 1ms
[Info   :   BepInEx] TS Manifest: Goorakh-VFiX-1.0.5
[Info   :   BepInEx] Loading [VFiX 1.0.5]
[Debug  :RoR2BepInExPack] OnHook VFiX.ChestZipper.ChestZipperFix.ChestBehavior_Awake added by assembly: VFiX.dll for: RoR2.ChestBehavior.Awake
[Debug  :RoR2BepInExPack] OnHook VFiX.ChestZipper.ChestZipperFix.Opened_OnEnter added by assembly: VFiX.dll for: EntityStates.Barrel.Opened.OnEnter
[Debug  :RoR2BepInExPack] ILHook VFiX.PooledEffectCleanup.EffectPoolPreventInUsePoolClearFix.EffectManager_UnloadOutdatedPools modifier by assembly: VFiX.dll for: RoR2.EffectManager.UnloadOutdatedPools
[Debug  :RoR2BepInExPack] OnHook VFiX.Highlight.HighlightFix.OutlineHighlight_NeedsHighlight added by assembly: VFiX.dll for: RoR2.OutlineHighlight.NeedsHighlight
[Debug  :RoR2BepInExPack] OnHook VFiX.PooledEffectCleanup.PooledEffectCleanupSoundFix.EffectPool_PreDestroyObject added by assembly: VFiX.dll for: RoR2.EffectPool.PreDestroyObject
[Debug  :RoR2BepInExPack] OnHook VFiX.PooledEffectParent.PooledEffectParentFix.EffectManager_GetPooledEffect_GameObject_Vector3_Quaternion_Transform added by assembly: VFiX.dll for: RoR2.EffectManager.GetPooledEffect
[Debug  :RoR2BepInExPack] OnHook VFiX.PooledEffectParent.PooledEffectParentFix.EffectManagerHelper_OnReturnToPool added by assembly: VFiX.dll for: RoR2.EffectManagerHelper.OnReturnToPool
[Message:      VFiX] Initialized in 42ms
[Info   :   BepInEx] TS Manifest: HIFU-HuntressAutoaimFix-1.2.0
[Info   :   BepInEx] Loading [HuntressAutoaimFix 1.2.0]
[Debug  :RoR2BepInExPack] OnHook HuntressAutoaimFix.Main.HuntressTracker_SearchForTarget added by assembly: HuntressAutoaimFix.dll for: RoR2.HuntressTracker.SearchForTarget
[Info   :   BepInEx] TS Manifest: IHarbHD-DebugToolkit-3.20.0
[Info   :   BepInEx] Loading [DebugToolkit 3.20.0]
[Info   :DebugToolkit] Created by Harb, iDeathHD and . Based on RoR2Cheats by Morris1927.
[Debug  :RoR2BepInExPack] ILHook DebugToolkit.Hooks.UnlockConsole added by assembly: DebugToolkit.dll for: RoR2.Console+<AwakeCoroutine>d__57.MoveNext
[Debug  :RoR2BepInExPack] OnHook DebugToolkit.Hooks.InitCommandsAndFreeConvars added by assembly: DebugToolkit.dll for: RoR2.Console.CacheConVars
[Debug  :RoR2BepInExPack] OnHook DebugToolkit.Hooks.LogNetworkCommandsAndCheckPermissions added by assembly: DebugToolkit.dll for: RoR2.Console.RunCmd
[Debug  :RoR2BepInExPack] ILHook DebugToolkit.Hooks.WarnUserOfServerCommandOffline modifier by assembly: DebugToolkit.dll for: RoR2.Console.RunCmd
[Debug  :RoR2BepInExPack] ILHook DebugToolkit.Hooks.ToggleConsoleWindowWithCustomKey modifier by assembly: DebugToolkit.dll for: RoR2.UI.ConsoleWindow.CheckConsoleKey
[Debug  :RoR2BepInExPack] OnHook DebugToolkit.Hooks.BetterAutoCompletion added by assembly: DebugToolkit.dll for: RoR2.Console+AutoComplete.SetSearchString
[Debug  :RoR2BepInExPack] OnHook DebugToolkit.Hooks.AddConCommandSignatureHint added by assembly: DebugToolkit.dll for: RoR2.UI.ConsoleWindow.Start
[Debug  :RoR2BepInExPack] OnHook DebugToolkit.Hooks.UpdateCommandSignature added by assembly: DebugToolkit.dll for: RoR2.UI.ConsoleWindow.OnInputFieldValueChanged
[Debug  :RoR2BepInExPack] ILHook DebugToolkit.Hooks.ApplyTextWithoutColorTags modifier by assembly: DebugToolkit.dll for: RoR2.UI.ConsoleWindow.ApplyAutoComplete
[Debug  :RoR2BepInExPack] ILHook DebugToolkit.Hooks.SmoothDropDownSuggestionNavigation modifier by assembly: DebugToolkit.dll for: RoR2.UI.ConsoleWindow.Update
[Debug  :RoR2BepInExPack] ILHook DebugToolkit.Hooks.AllowTabAutocompleteConCommands modifier by assembly: DebugToolkit.dll for: RoR2.UI.HUD.Update
[Debug  :RoR2BepInExPack] ILHook DebugToolkit.Hooks.EnableCheatsInCCSetScene modifier by assembly: DebugToolkit.dll for: RoR2.Networking.NetworkManagerSystem.CCSetScene
[Debug  :RoR2BepInExPack] OnHook DebugToolkit.Hooks.OverrideVanillaSceneList added by assembly: DebugToolkit.dll for: RoR2.Networking.NetworkManagerSystem.CCSceneList
[Debug  :RoR2BepInExPack] OnHook DebugToolkit.Commands.Profile.PreventSave added by assembly: DebugToolkit.dll for: RoR2.SaveSystem.Save
[Debug  :RoR2BepInExPack] OnHook DebugToolkit.Hooks.InterceptPing added by assembly: DebugToolkit.dll for: RoR2.PingerController.RebuildPing
[Debug  :RoR2BepInExPack] ILHook DebugToolkit.Hooks.InfiniteTowerRun_BeginNextWave modifier by assembly: DebugToolkit.dll for: RoR2.InfiniteTowerRun.BeginNextWave
[Debug  :RoR2BepInExPack] OnHook DebugToolkit.Hooks.SetNextBossForDirector added by assembly: DebugToolkit.dll for: RoR2.CombatDirector.SetNextSpawnAsBoss
[Debug  :RoR2BepInExPack] OnHook DebugToolkit.Hooks.SetNextBossForSimulacrumDirector added by assembly: DebugToolkit.dll for: RoR2.InfiniteTowerExplicitSpawnWaveController.Initialize
[Debug  :RoR2BepInExPack] OnHook DebugToolkit.Hooks.OverrideBossCombatDirectorSpawnResult added by assembly: DebugToolkit.dll for: RoR2.CombatDirector.AttemptSpawnOnTarget
[Debug  :RoR2BepInExPack] OnHook DebugToolkit.Hooks.ForceFamilyEvent added by assembly: DebugToolkit.dll for: RoR2.ClassicStageInfo.RebuildCards
[Debug  :RoR2BepInExPack] OnHook DebugToolkit.Hooks.ForceFamilyEventForDccsPoolStages added by assembly: DebugToolkit.dll for: RoR2.DccsPool.GenerateWeightedCategorySelection
[Debug  :RoR2BepInExPack] OnHook DebugToolkit.Hooks.ForceFamilyDirectorCardCategorySelectionToBeAvailable added by assembly: DebugToolkit.dll for: RoR2.FamilyDirectorCardCategorySelection.IsAvailable
[Debug  :RoR2BepInExPack] OnHook DebugToolkit.NetworkManager.CreateNetworkObject added by assembly: DebugToolkit.dll for: RoR2.NetworkSession.Start
[Debug  :RoR2BepInExPack] OnHook DebugToolkit.NetworkManager.DestroyNetworkObject added by assembly: DebugToolkit.dll for: RoR2.NetworkSession.OnDestroy
[Debug  :RoR2BepInExPack] OnHook DebugToolkit.Commands.Command_Noclip.DisableOnStopClient added by assembly: DebugToolkit.dll for: RoR2.Networking.NetworkManagerSystem.OnStopClient
[Debug  :RoR2BepInExPack] OnHook DebugToolkit.Commands.Command_Noclip.DisableOOBCheck added by assembly: DebugToolkit.dll for: RoR2.MapZone.TeleportBody
[Debug  :RoR2BepInExPack] OnHook DebugToolkit.Hooks.NonLethalDamage added by assembly: DebugToolkit.dll for: RoR2.HealthComponent.TakeDamage
[Debug  :RoR2BepInExPack] OnHook DebugToolkit.Hooks.SetGodMode added by assembly: DebugToolkit.dll for: RoR2.CharacterMaster.Awake
[Debug  :RoR2BepInExPack] ILHook DebugToolkit.Hooks.FixCommandHelpText modifier by assembly: DebugToolkit.dll for: RoR2.Console.ShowHelpText
[Debug  :RoR2BepInExPack] ILHook DebugToolkit.Hooks.FixCCFind modifier by assembly: DebugToolkit.dll for: RoR2.Console.CCFind
[Info   :R2API.ContentManagement] Created a SerializableContentPack for mod iHarbHD.DebugToolkit
[Info   :   BepInEx] TS Manifest: Jeffdev-HelminthTunnelSpeedFix-1.0.0
[Info   :   BepInEx] Loading [HelminthTunnelSpeedFix 1.0.0]
[Debug  :RoR2BepInExPack] OnHook HelminthTunnelSpeedFix.HelminthTunnelSpeedFix.CharacterMotor_OnGroundHit added by assembly: HelminthTunnelSpeedFix.dll for: RoR2.CharacterMotor.OnGroundHit
[Info   :   BepInEx] TS Manifest: LordVGames-GildedChunkSpamFix-1.0.1
[Info   :   BepInEx] Loading [GildedChunkSpamFix 1.0.1]
[Debug  :RoR2BepInExPack] ILHook GildedChunkSpamFix.ILHooks.AffixAurelioniteBehavior_OnServerDamageDealt modifier by assembly: GildedChunkSpamFix.dll for: RoR2.AffixAurelioniteBehavior.OnServerDamageDealt
[Info   :   BepInEx] TS Manifest: mwmw-SimpleLunarCoins-1.2.5
[Info   :   BepInEx] Loading [SimpleLunarCoins 1.2.5]
[Debug  :RoR2BepInExPack] OnHook SimpleLunarCoins.Hooks.InitialCoinChance added by assembly: SimpleLunarCoins.dll for: RoR2.PlayerCharacterMasterController.Awake
[Debug  :RoR2BepInExPack] OnHook SimpleLunarCoins.Hooks.CoinDropHook modifier by assembly: SimpleLunarCoins.dll for: RoR2.PlayerCharacterMasterController+<>c.<Init>b__83_0
[Debug  :RoR2BepInExPack] OnHook SimpleLunarCoins.Hooks.InitSoundbanks added by assembly: SimpleLunarCoins.dll for: RoR2.Run.Awake
[Debug  :RoR2BepInExPack] OnHook SimpleLunarCoins.Hooks.StartingCoins added by assembly: SimpleLunarCoins.dll for: RoR2.Run.Start
[Debug  :RoR2BepInExPack] OnHook SimpleLunarCoins.Hooks.RegularCoinDistribute added by assembly: SimpleLunarCoins.dll for: RoR2.LunarCoinDef.GrantPickup
[Info   :   BepInEx] TS Manifest: Wolfo-DLCSpawnPoolFixer-1.3.4
[Info   :   BepInEx] Loading [DLCSpawnPoolFixer 1.3.4]
[Debug  :RoR2BepInExPack] OnHook SpawnPoolFixer.SotsSpawnPoolFix.NoPreLoopPostLoop added by assembly: SpawnPoolFixer.dll for: RoR2.BazaarController.IsUnlockedBeforeLooping
[Info   :   BepInEx] TS Manifest: Wolfo-WolfoQualityOfLife-4.3.1
[Info   :   BepInEx] Loading [WolfoQualityOfLife 4.3.1]
[Info   : Unity Log] WQoL InitConfig
[Debug  :RoR2BepInExPack] OnHook WolfoQoL_Client.Assets.SetFolders added by assembly: WolfoQoL_Client.dll for: RoR2.Language.SetFolders
[Info   : Unity Log] Config Values Total : 86
[Info   : Unity Log] Config Values Reset : 19
[Debug  :RoR2BepInExPack] OnHook WolfoQoL_Client.PrismaticTrial+<>c.<AllowPrismaticTrials>b__0_0 added by assembly: WolfoQoL_Client.dll for: RoR2.UI.WeeklyRunScreenController.OnEnable
[Debug  :RoR2BepInExPack] OnHook WolfoQoL_Client.PrismaticTrial+<>c.<AllowPrismaticTrials>b__0_1 added by assembly: WolfoQoL_Client.dll for: RoR2.WeeklyRun.GetCurrentSeedCycle
[Debug  :RoR2BepInExPack] OnHook WolfoQoL_Client.PrismaticTrial+<>c.<AllowPrismaticTrials>b__0_2 added by assembly: WolfoQoL_Client.dll for: RoR2.WeeklyRun.ClientSubmitLeaderboardScore
[Debug  :RoR2BepInExPack] OnHook WolfoQoL_Client.PrismaticTrial+<>c.<AllowPrismaticTrials>b__0_3 added by assembly: WolfoQoL_Client.dll for: RoR2.DisableIfGameModded.OnEnable
[Debug  :RoR2BepInExPack] OnHook WolfoQoL_Client.PrismaticTrial.WeeklyRun_OverrideRuleChoices added by assembly: WolfoQoL_Client.dll for: RoR2.WeeklyRun.OverrideRuleChoices
[Debug  :RoR2BepInExPack] OnHook WolfoQoL_Client.GameplayQualityOfLife.LunarTeleporterBaseState_FixedUpdate added by assembly: WolfoQoL_Client.dll for: EntityStates.LunarTeleporter.LunarTeleporterBaseState.FixedUpdate
[Debug  :RoR2BepInExPack] OnHook WolfoQoL_Client.GameplayQualityOfLife.TeleportItems added by assembly: WolfoQoL_Client.dll for: RoR2.MapZone.TryZoneStart
[Debug  :RoR2BepInExPack] ILHook WolfoQoL_Client.GeyserLock.GenericCharacterMain_ProcessJump_bool modifier by assembly: WolfoQoL_Client.dll for: EntityStates.GenericCharacterMain.ProcessJump
[Debug  :RoR2BepInExPack] OnHook WolfoQoL_Client.GeyserLock.DodgeState_OnEnter added by assembly: WolfoQoL_Client.dll for: EntityStates.Commando.DodgeState.OnEnter
[Debug  :RoR2BepInExPack] OnHook WolfoQoL_Client.GeyserLock.SlideState_OnEnter added by assembly: WolfoQoL_Client.dll for: EntityStates.Commando.SlideState.OnEnter
[Debug  :RoR2BepInExPack] OnHook WolfoQoL_Client.GeyserLock.BaseChargeFist_OnEnter added by assembly: WolfoQoL_Client.dll for: EntityStates.Loader.BaseChargeFist.OnEnter
[Debug  :RoR2BepInExPack] OnHook WolfoQoL_Client.GeyserLock.Assaulter2_OnExit added by assembly: WolfoQoL_Client.dll for: EntityStates.Merc.Assaulter2.OnExit
[Debug  :RoR2BepInExPack] OnHook WolfoQoL_Client.GeyserLock.FocusedAssaultDash_OnExit added by assembly: WolfoQoL_Client.dll for: EntityStates.Merc.FocusedAssaultDash.OnExit
[Debug  :RoR2BepInExPack] OnHook WolfoQoL_Client.GeyserLock.EvisDash_OnExit added by assembly: WolfoQoL_Client.dll for: EntityStates.Merc.EvisDash.OnExit
[Debug  :RoR2BepInExPack] OnHook WolfoQoL_Client.GeyserLock.FlyUpState_OnEnter added by assembly: WolfoQoL_Client.dll for: EntityStates.Mage.FlyUpState.OnEnter
[Debug  :RoR2BepInExPack] OnHook WolfoQoL_Client.GeyserLock.VoidBlinkBase_OnEnter added by assembly: WolfoQoL_Client.dll for: EntityStates.VoidSurvivor.VoidBlinkBase.OnEnter
[Debug  :RoR2BepInExPack] OnHook WolfoQoL_Client.GeyserLock.OilSpillBase_OnEnter added by assembly: WolfoQoL_Client.dll for: EntityStates.Chef.OilSpillBase.OnEnter
[Debug  :RoR2BepInExPack] OnHook WolfoQoL_Client.GeyserLock.StepBrothers_OnEnter added by assembly: WolfoQoL_Client.dll for: EntityStates.FalseSon.StepBrothers.OnEnter
[Debug  :RoR2BepInExPack] OnHook WolfoQoL_Client.GeyserLock.GhostUtilitySkillState_OnEnter added by assembly: WolfoQoL_Client.dll for: EntityStates.GhostUtilitySkillState.OnEnter
[Debug  :RoR2BepInExPack] OnHook WolfoQoL_Client.Skins.SkinChanges.ApplyConditionalProjectileGhostReplacement added by assembly: WolfoQoL_Client.dll for: RoR2.ProjectileGhostReplacementManager.FindProjectileGhostPrefab
[Debug  :RoR2BepInExPack] OnHook WolfoQoL_Client.Skins.Mercenary_Hooks.GroundLight2_OnEnter added by assembly: WolfoQoL_Client.dll for: EntityStates.Merc.Weapon.GroundLight2.OnEnter
[Debug  :RoR2BepInExPack] ILHook WolfoQoL_Client.Skins.Mercenary_Hooks.Finisher_GroundLight2_OnEnter modifier by assembly: WolfoQoL_Client.dll for: EntityStates.Merc.Weapon.GroundLight2.OnEnter
[Info   : Unity Log] IL Found: Red Merc: GroundLight2_OnEnter
[Debug  :RoR2BepInExPack] ILHook WolfoQoL_Client.Skins.Mercenary_Hooks.WhirlwindBase_OnEnter modifier by assembly: WolfoQoL_Client.dll for: EntityStates.Merc.WhirlwindBase.OnEnter
[Debug  :RoR2BepInExPack] ILHook WolfoQoL_Client.Skins.Mercenary_Hooks.WhirlwindBase_FixedUpdate modifier by assembly: WolfoQoL_Client.dll for: EntityStates.Merc.WhirlwindBase.FixedUpdate
[Info   : Unity Log] IL Found: Red Merc: WhirlwindBase_FixedUpdate
[Debug  :RoR2BepInExPack] ILHook WolfoQoL_Client.Skins.Mercenary_Hooks.Uppercut_OnEnter modifier by assembly: WolfoQoL_Client.dll for: EntityStates.Merc.Uppercut.OnEnter
[Debug  :RoR2BepInExPack] ILHook WolfoQoL_Client.Skins.Mercenary_Hooks.Uppercut_FixedUpdate modifier by assembly: WolfoQoL_Client.dll for: EntityStates.Merc.Uppercut.FixedUpdate
[Debug  :RoR2BepInExPack] ILHook WolfoQoL_Client.Skins.Mercenary_Hooks.Assaulter2_OnEnter modifier by assembly: WolfoQoL_Client.dll for: EntityStates.Merc.Assaulter2.OnEnter
[Debug  :RoR2BepInExPack] OnHook WolfoQoL_Client.Skins.Mercenary_Hooks.Assaulter2_OnEnter_On added by assembly: WolfoQoL_Client.dll for: EntityStates.Merc.Assaulter2.OnEnter
[Debug  :RoR2BepInExPack] OnHook WolfoQoL_Client.Skins.Mercenary_Hooks.AltUtility_OnEnter added by assembly: WolfoQoL_Client.dll for: EntityStates.Merc.FocusedAssaultDash.OnEnter
[Debug  :RoR2BepInExPack] ILHook WolfoQoL_Client.Skins.Mercenary_Hooks.Special_Dash modifier by assembly: WolfoQoL_Client.dll for: EntityStates.Merc.EvisDash.FixedUpdate
[Debug  :RoR2BepInExPack] ILHook WolfoQoL_Client.Skins.Mercenary_Hooks.EvisDash_CreateBlinkEffect modifier by assembly: WolfoQoL_Client.dll for: EntityStates.Merc.EvisDash.CreateBlinkEffect
[Debug  :RoR2BepInExPack] ILHook WolfoQoL_Client.Skins.Mercenary_Hooks.MercRed_SpecialEvis modifier by assembly: WolfoQoL_Client.dll for: EntityStates.Merc.Evis.CreateBlinkEffect
[Debug  :RoR2BepInExPack] ILHook WolfoQoL_Client.Skins.Mercenary_Hooks.Evis_FixedUpdate modifier by assembly: WolfoQoL_Client.dll for: EntityStates.Merc.Evis.FixedUpdate
[Debug  :RoR2BepInExPack] ILHook WolfoQoL_Client.Skins.Mercenary_Hooks.Evis_OnExit modifier by assembly: WolfoQoL_Client.dll for: EntityStates.Merc.Evis.OnExit
[Debug  :RoR2BepInExPack] OnHook WolfoQoL_Client.Skins.Mercenary_Hooks.AltSpecial_OnEnter added by assembly: WolfoQoL_Client.dll for: EntityStates.Merc.Weapon.ThrowEvisProjectile.OnEnter
[Debug  :RoR2BepInExPack] OnHook WolfoQoL_Client.Skins.Acrid_Hooks.AcridBlight_M1 added by assembly: WolfoQoL_Client.dll for: EntityStates.Croco.Slash.BeginMeleeAttackEffect
[Debug  :RoR2BepInExPack] OnHook WolfoQoL_Client.Skins.Acrid_Hooks.AcridBlight_M2_M4 added by assembly: WolfoQoL_Client.dll for: EntityStates.Croco.FireSpit.OnEnter
[Debug  :RoR2BepInExPack] OnHook WolfoQoL_Client.Skins.Acrid_Hooks.AcridBlight_M2Alt added by assembly: WolfoQoL_Client.dll for: EntityStates.Croco.Bite.BeginMeleeAttackEffect
[Debug  :RoR2BepInExPack] OnHook WolfoQoL_Client.Skins.Acrid_Hooks.AcridBlight_M3_Start added by assembly: WolfoQoL_Client.dll for: EntityStates.Croco.BaseLeap.OnEnter
[Debug  :RoR2BepInExPack] OnHook WolfoQoL_Client.Skins.Acrid_Hooks.AcridBlight_M3_Pool added by assembly: WolfoQoL_Client.dll for: EntityStates.Croco.Leap.DoImpactAuthority
[Debug  :RoR2BepInExPack] OnHook WolfoQoL_Client.Skins.Acrid_Main.SpawnBlightPuddleInLobby added by assembly: WolfoQoL_Client.dll for: RoR2.CharacterSelectSurvivorPreviewDisplayController.OnEnable
[Debug  :RoR2BepInExPack] OnHook WolfoQoL_Client.Skins.Acrid_Main.UpdateBlightPuddleLobby added by assembly: WolfoQoL_Client.dll for: RoR2.CharacterSelectSurvivorPreviewDisplayController.OnLoadoutChangedGlobal
[Debug  :RoR2BepInExPack] ILHook WolfoQoL_Client.Skins.EliteBell.BellBalls_ChargeTrioBomb_FixedUpdate modifier by assembly: WolfoQoL_Client.dll for: EntityStates.Bell.BellWeapon.ChargeTrioBomb.FixedUpdate
[Debug  :RoR2BepInExPack] OnHook WolfoQoL_Client.Skins.SkinTouchups.SkinDef_ApplyAsync added by assembly: WolfoQoL_Client.dll for: RoR2.SkinDef.ApplyAsync
[Debug  :RoR2BepInExPack] OnHook WolfoQoL_Client.Skins.SkinTouchups.SkinTouchUpsLobby added by assembly: WolfoQoL_Client.dll for: RoR2.CharacterSelectSurvivorPreviewDisplayController.OnLoadoutChangedGlobal
[Debug  :RoR2BepInExPack] OnHook WolfoQoL_Client.Skins.SkinTouchups+<>c.<Skins_Loader>b__2_0 added by assembly: WolfoQoL_Client.dll for: EntityStates.Loader.FireHook.SetHookReference
[Debug  :RoR2BepInExPack] OnHook WolfoQoL_Client.Skins.SkinTouchups+<>c.<Skins_Toolbot>b__1_0 added by assembly: WolfoQoL_Client.dll for: EntityStates.Toolbot.ToolbotDualWield.OnEnter
[Debug  :RoR2BepInExPack] OnHook WolfoQoL_Client.Skins.SkinTouchups+<>c.<Skins_Toolbot>b__1_1 added by assembly: WolfoQoL_Client.dll for: EntityStates.Toolbot.ToolbotDualWield.OnExit
[Debug  :RoR2BepInExPack] OnHook WolfoQoL_Client.HoldoutZoneFlowers.AddFlowersToMiscHoldoutZone added by assembly: WolfoQoL_Client.dll for: RoR2.HoldoutZoneController.Awake
[Debug  :RoR2BepInExPack] OnHook WolfoQoL_Client.HoldoutZoneFlowers+<>c.<FlowersForOtherHoldoutZones>b__2_0 added by assembly: WolfoQoL_Client.dll for: RoR2.HoldoutZoneController.Start
[Debug  :RoR2BepInExPack] ILHook WolfoQoL_Client.RandomMisc.BiggerSaleStarRange modifier by assembly: WolfoQoL_Client.dll for: RoR2.InteractionDriver.MyFixedUpdate
[Info   : Unity Log] IL Found: Sale Star Range
[Debug  :RoR2BepInExPack] OnHook WolfoQoL_Client.RandomMisc+<>c.<Start>b__0_0 added by assembly: WolfoQoL_Client.dll for: EntityStates.VoidSurvivor.Weapon.ReadyMegaBlaster.OnEnter
[Debug  :RoR2BepInExPack] OnHook WolfoQoL_Client.RandomMisc+<>c.<Start>b__0_1 added by assembly: WolfoQoL_Client.dll for: EntityStates.VoidSurvivor.Weapon.ReadyMegaBlaster.FixedUpdate
[Debug  :RoR2BepInExPack] OnHook WolfoQoL_Client.RandomMisc.MarriedLemurianNameHook added by assembly: WolfoQoL_Client.dll for: RoR2.Util.GetBestBodyName
[Debug  :RoR2BepInExPack] OnHook WolfoQoL_Client.Text.DeathMessage.OnDeathMessage added by assembly: WolfoQoL_Client.dll for: RoR2.GlobalEventManager.OnPlayerCharacterDeath
[Debug  :RoR2BepInExPack] ILHook WolfoQoL_Client.Text.ItemLoss_Host.ItemGiveUpMessages modifier by assembly: WolfoQoL_Client.dll for: RoR2.PurchaseInteraction.OnInteractionBegin
[Debug  :RoR2BepInExPack] OnHook WolfoQoL_Client.Text.ItemLoss_Host.ScrappingMessage added by assembly: WolfoQoL_Client.dll for: RoR2.ScrapperController.BeginScrapping
[Debug  :RoR2BepInExPack] OnHook WolfoQoL_Client.Text.LunarSeer.SeerStageName_Start added by assembly: WolfoQoL_Client.dll for: RoR2.SeerStationController.OnStartClient
[Debug  :RoR2BepInExPack] OnHook WolfoQoL_Client.Text.LunarSeer.SeerStageName_SceneChanged added by assembly: WolfoQoL_Client.dll for: RoR2.SeerStationController.OnTargetSceneChanged
[Debug  :RoR2BepInExPack] OnHook WolfoQoL_Client.Text.LunarSeer.FancyBazaarPortalChange added by assembly: WolfoQoL_Client.dll for: RoR2.SeerStationController.SetRunNextStageToTarget
[Debug  :RoR2BepInExPack] OnHook WolfoQoL_Client.Text.EquipmentDrone.AllyCardController_UpdateInfo added by assembly: WolfoQoL_Client.dll for: RoR2.UI.AllyCardController.UpdateInfo
[Debug  :RoR2BepInExPack] OnHook WolfoQoL_Client.Text.DevotionLoss.Host_DevotionDeathMessage added by assembly: WolfoQoL_Client.dll for: RoR2.DevotionInventoryController.RemoveItem
[Debug  :RoR2BepInExPack] OnHook WolfoQoL_Client.Text.DevotionLoss.Host_EggMessage added by assembly: WolfoQoL_Client.dll for: DevotedLemurianController.InitializeDevotedLemurian
[Debug  :RoR2BepInExPack] OnHook WolfoQoL_Client.Text.DevotionLoss.Client_TryEggMessage added by assembly: WolfoQoL_Client.dll for: RoR2.PickupPickerController.OnDeserialize
[Debug  :RoR2BepInExPack] OnHook WolfoQoL_Client.Text.DevotionLoss.Client_TryAssignMasterToInventory added by assembly: WolfoQoL_Client.dll for: RoR2.DevotionInventoryController.PreStartClient
[Debug  :RoR2BepInExPack] OnHook WolfoQoL_Client.Text.MoreMessages.ColoredItem_DisplayName added by assembly: WolfoQoL_Client.dll for: RoR2.GenericPickupController.GetDisplayName
[Debug  :RoR2BepInExPack] ILHook WolfoQoL_Client.Text.MoreMessages.ColoredItemPing_RebuildPing modifier by assembly: WolfoQoL_Client.dll for: RoR2.UI.PingIndicator.RebuildPing
[Debug  :RoR2BepInExPack] OnHook WolfoQoL_Client.Text.MoreMessages.TransformItem_Messages added by assembly: WolfoQoL_Client.dll for: RoR2.CharacterMasterNotificationQueue.PushItemTransformNotification
[Debug  :RoR2BepInExPack] OnHook WolfoQoL_Client.Text.MoreMessages.TransformEquipment_Messages added by assembly: WolfoQoL_Client.dll for: RoR2.CharacterMasterNotificationQueue.PushEquipmentTransformNotification
[Debug  :RoR2BepInExPack] ILHook WolfoQoL_Client.Text.MoreMessages.SendAllTransformsLol modifier by assembly: WolfoQoL_Client.dll for: RoR2.CharacterMasterNotificationQueue.HandleTransformNotification
[Debug  :RoR2BepInExPack] OnHook WolfoQoL_Client.Text.MoreMessages.RecylerMessage_Host added by assembly: WolfoQoL_Client.dll for: RoR2.EquipmentSlot.FireRecycle
[Debug  :RoR2BepInExPack] OnHook WolfoQoL_Client.Text.MoreMessages.RecylerMessage_Client added by assembly: WolfoQoL_Client.dll for: RoR2.GenericPickupController.OnDeserialize
[Info   : Unity Log] Updating Hud spacing30 / font12
[Debug  :RoR2BepInExPack] OnHook WolfoQoL_Client.Reminders.Reminders_Treasure.KeyReminderUpdater_Host added by assembly: WolfoQoL_Client.dll for: RoR2.PurchaseInteraction.OnInteractionBegin
[Debug  :RoR2BepInExPack] OnHook WolfoQoL_Client.Reminders.Reminders_Treasure.FreeChestReminderUpdater_Host added by assembly: WolfoQoL_Client.dll for: RoR2.MultiShopController.OnPurchase
[Debug  :RoR2BepInExPack] OnHook WolfoQoL_Client.Reminders.Reminders_Treasure.Clear_Star_Regen added by assembly: WolfoQoL_Client.dll for: RoR2.CharacterMasterNotificationQueue.PushItemTransformNotification
[Debug  :RoR2BepInExPack] OnHook WolfoQoL_Client.Reminders.Reminders_Portal.RemoveReminder_Host added by assembly: WolfoQoL_Client.dll for: RoR2.SceneExitController.Begin
[Debug  :RoR2BepInExPack] OnHook WolfoQoL_Client.Reminders.Reminders_Portal.RemoveReminder_Client added by assembly: WolfoQoL_Client.dll for: RoR2.GenericInteraction.OnDeserialize
[Debug  :RoR2BepInExPack] OnHook WolfoQoL_Client.Reminders.Reminders_Portal.MissionCompleted_OnEnter added by assembly: WolfoQoL_Client.dll for: RoR2.ArenaMissionController+MissionCompleted.OnEnter
[Debug  :RoR2BepInExPack] OnHook WolfoQoL_Client.Reminders.Reminders_SecretGeode.GeodeObjective_Add added by assembly: WolfoQoL_Client.dll for: EntityStates.Missions.GeodeSecretMission.GeodeSecretMissionEntityStates.OnEnter
[Debug  :RoR2BepInExPack] OnHook WolfoQoL_Client.Reminders.Reminders_SecretGeode.GeodeObjective_Update added by assembly: WolfoQoL_Client.dll for: RoR2.GeodeSecretMissionController.AdvanceGeodeSecretMission
[Debug  :RoR2BepInExPack] OnHook WolfoQoL_Client.Reminders.Reminders_SecretGeode.MakeUpdateOnClient added by assembly: WolfoQoL_Client.dll for: RoR2.GeodeController.OnDeserialize
[Debug  :RoR2BepInExPack] OnHook WolfoQoL_Client.Reminders.Objective_Halcyonite.AddObjective added by assembly: WolfoQoL_Client.dll for: EntityStates.ShrineHalcyonite.ShrineHalcyoniteActivatedState.OnEnter
[Debug  :RoR2BepInExPack] OnHook WolfoQoL_Client.Reminders.Objective_Halcyonite.Add_KillObjective added by assembly: WolfoQoL_Client.dll for: EntityStates.ShrineHalcyonite.ShrineHalcyoniteMaxQuality.OnEnter
[Debug  :RoR2BepInExPack] OnHook WolfoQoL_Client.Reminders.Objective_Halcyonite.Clear_KillObjective added by assembly: WolfoQoL_Client.dll for: EntityStates.ShrineHalcyonite.ShrineHalcyoniteFinished.OnEnter
[Debug  :RoR2BepInExPack] ILHook WolfoQoL_Client.Reminders.Objective_Halcyonite.Update_Objective modifier by assembly: WolfoQoL_Client.dll for: RoR2.GoldSiphonNearbyBodyController.DrainGold
[Debug  :RoR2BepInExPack] OnHook WolfoQoL_Client.InteractableStuff.MountainStack_Host added by assembly: WolfoQoL_Client.dll for: RoR2.TeleporterInteraction.AddShrineStack
[Debug  :RoR2BepInExPack] OnHook WolfoQoL_Client.InteractableStuff.ShrineShapingExtras_Client added by assembly: WolfoQoL_Client.dll for: RoR2.ShrineColossusAccessBehavior.RpcUpdateInteractionClients
[Debug  :RoR2BepInExPack] OnHook WolfoQoL_Client.InteractableStuff.ShrineShapingExtras_Host added by assembly: WolfoQoL_Client.dll for: RoR2.ShrineColossusAccessBehavior.ReviveAlliedPlayers
[Debug  :RoR2BepInExPack] OnHook WolfoQoL_Client.Reminders.Reminders_Newt.CheckIfAnyNewtsSpawnedForReminder added by assembly: WolfoQoL_Client.dll for: RoR2.PortalStatueBehavior.PreStartClient
[Debug  :RoR2BepInExPack] OnHook WolfoQoL_Client.Reminders.Reminders_Newt.NewtClear_OnClient added by assembly: WolfoQoL_Client.dll for: RoR2.TeleporterInteraction.OnSyncShouldAttemptToSpawnShopPortal
[Debug  :RoR2BepInExPack] OnHook WolfoQoL_Client.Reminders.Reminders_Main.RemoveReminders_Scrapper added by assembly: WolfoQoL_Client.dll for: RoR2.ScrapperController.BeginScrapping
[Debug  :RoR2BepInExPack] OnHook WolfoQoL_Client.Reminders.Reminders_Main.CheckForFreeChestVoid added by assembly: WolfoQoL_Client.dll for: RoR2.HoldoutZoneController.PreStartClient
[Debug  :RoR2BepInExPack] OnHook WolfoQoL_Client.Reminders.Reminders_Main.IsFreeVoidChest_ClearNewt added by assembly: WolfoQoL_Client.dll for: RoR2.HoldoutZoneController.OnEnable
[Debug  :RoR2BepInExPack] OnHook WolfoQoL_Client.Reminders.Reminders_Main.ClearTreasure_OnVoidlingDeath added by assembly: WolfoQoL_Client.dll for: EntityStates.VoidRaidCrab.EscapeDeath.OnExit
[Debug  :RoR2BepInExPack] OnHook WolfoQoL_Client.DeathScreen.DeathScreen_Main.OneTimeExtras added by assembly: WolfoQoL_Client.dll for: RoR2.UI.GameEndReportPanelController.SetDisplayData
[Debug  :RoR2BepInExPack] OnHook WolfoQoL_Client.DeathScreen.DeathScreen_Main.AddManyExtras added by assembly: WolfoQoL_Client.dll for: RoR2.UI.GameEndReportPanelController.SetPlayerInfo
[Debug  :RoR2BepInExPack] OnHook WolfoQoL_Client.DeathScreen.RunRecap.PlayerCharacterMasterController_Start added by assembly: WolfoQoL_Client.dll for: RoR2.PlayerCharacterMasterController.Start
[Debug  :RoR2BepInExPack] OnHook WolfoQoL_Client.DeathScreen.RunRecap.SaveLatestWaveUI added by assembly: WolfoQoL_Client.dll for: RoR2.InfiniteTowerWaveController.InstantiateUi
[Debug  :RoR2BepInExPack] OnHook WolfoQoL_Client.DeathScreen.ExtraStatsTracking.LunarCoinSpentTracking added by assembly: WolfoQoL_Client.dll for: RoR2.NetworkUser.RpcDeductLunarCoins
[Debug  :RoR2BepInExPack] OnHook WolfoQoL_Client.DeathScreen.ExtraStatsTracking.AddMissedCallBack added by assembly: WolfoQoL_Client.dll for: RoR2.PurchaseInteraction.Start
[Debug  :RoR2BepInExPack] OnHook WolfoQoL_Client.DeathScreen.ExtraStatsTracking.AddMissedShops added by assembly: WolfoQoL_Client.dll for: RoR2.MultiShopController.OnDestroy
[Debug  :RoR2BepInExPack] OnHook WolfoQoL_Client.DeathScreen.ExtraStatsTracking.Add_MinionDamageTracker added by assembly: WolfoQoL_Client.dll for: RoR2.MinionOwnership.OnStartClient
[Debug  :RoR2BepInExPack] ILHook WolfoQoL_Client.DeathScreen.ExtraStatsTracking.Track_DoTDamage_MinionHurt modifier by assembly: WolfoQoL_Client.dll for: RoR2.HealthComponent.HandleDamageDealt
[Debug  :RoR2BepInExPack] ILHook WolfoQoL_Client.DeathScreen.ExtraStatsTracking.Track_MinionHealing modifier by assembly: WolfoQoL_Client.dll for: RoR2.HealthComponent.HandleHeal
[Debug  :RoR2BepInExPack] ILHook WolfoQoL_Client.DeathScreen.ExtraStatsTracking.Host_TrackVoidedItems modifier by assembly: WolfoQoL_Client.dll for: RoR2.Items.ContagiousItemManager.StepInventoryInfection
[Debug  :RoR2BepInExPack] OnHook WolfoQoL_Client.DeathScreen.EquipOnDeathInventory.AddEquipmentIcons added by assembly: WolfoQoL_Client.dll for: RoR2.UI.ItemInventoryDisplay.AllocateIcons
[Debug  :RoR2BepInExPack] OnHook WolfoQoL_Client.DeathScreen.ExtraStats.PointsToolTip added by assembly: WolfoQoL_Client.dll for: RoR2.UI.GameEndReportPanelController.AssignStatToStrip
[Debug  :RoR2BepInExPack] OnHook WolfoQoL_Client.DeathScreen.ExtraStats.CombineStats added by assembly: WolfoQoL_Client.dll for: RoR2.UI.GameEndReportPanelController.AllocateUnlockStrips
[Debug  :RoR2BepInExPack] ILHook R2API.ColorsAPI.ColorCatalogGetColorIL modifier by assembly: R2API.Colors.dll for: RoR2.ColorCatalog.GetColor
[Debug  :RoR2BepInExPack] ILHook R2API.ColorsAPI.ColorCatalogGetColorHexStringIL modifier by assembly: R2API.Colors.dll for: RoR2.ColorCatalog.GetColorHexString
[Debug  :RoR2BepInExPack] ILHook R2API.ColorsAPI.GetColorIL modifier by assembly: R2API.Colors.dll for: RoR2.DamageColor.FindColor
[Debug  :RoR2BepInExPack] OnHook WolfoQoL_Client.ColorModule.PickupCatalog_Init added by assembly: WolfoQoL_Client.dll for: RoR2.PickupCatalog.Init
[Debug  :RoR2BepInExPack] OnHook WolfoQoL_Client.ColorModule.ItemDef_CreatePickupDef added by assembly: WolfoQoL_Client.dll for: RoR2.ItemDef.CreatePickupDef
[Debug  :RoR2BepInExPack] OnHook WolfoQoL_Client.ColorModule.EquipmentDef_CreatePickupDef added by assembly: WolfoQoL_Client.dll for: RoR2.EquipmentDef.CreatePickupDef
[Debug  :RoR2BepInExPack] OnHook WolfoQoL_Client.UIBorders.Eclipse_Border_SurvivorIcon added by assembly: WolfoQoL_Client.dll for: RoR2.UI.SurvivorIconController.Rebuild
[Debug  :RoR2BepInExPack] OnHook WolfoQoL_Client.UIBorders.Beat_Simulacrum_IconBorder added by assembly: WolfoQoL_Client.dll for: RoR2.UI.SurvivorIconController.Rebuild
[Debug  :RoR2BepInExPack] ILHook WolfoQoL_Client.UI_Stuff.TeleporterDiscoveredRed modifier by assembly: WolfoQoL_Client.dll for: RoR2.UI.ChargeIndicatorController.Update
[Debug  :RoR2BepInExPack] OnHook WolfoQoL_Client.UI_Stuff.AllowMoreChatMessages added by assembly: WolfoQoL_Client.dll for: RoR2.UI.ChatBox.Awake
[Debug  :RoR2BepInExPack] OnHook WolfoQoL_Client.UI_Stuff.CrosshairManager_OnEnable added by assembly: WolfoQoL_Client.dll for: RoR2.UI.CrosshairManager.OnEnable
[Debug  :RoR2BepInExPack] OnHook WolfoQoL_Client.UI_Stuff+<>c.<Start>b__2_0 added by assembly: WolfoQoL_Client.dll for: RoR2.UI.PingIndicator.RebuildPing
[Debug  :RoR2BepInExPack] ILHook WolfoQoL_Client.PlayerPing.PlayerPingsIL modifier by assembly: WolfoQoL_Client.dll for: RoR2.UI.PingIndicator.RebuildPing
[Debug  :RoR2BepInExPack] ILHook WolfoQoL_Client.UI_Stuff.ScoreboardForDeadPeopleToo modifier by assembly: WolfoQoL_Client.dll for: RoR2.UI.ScoreboardController.Rebuild
[Debug  :RoR2BepInExPack] OnHook WolfoQoL_Client.UI_Stuff.IncludeEliteTypeInSubjectName added by assembly: WolfoQoL_Client.dll for: RoR2.SubjectChatMessage.GetSubjectName
[Debug  :RoR2BepInExPack] OnHook WolfoQoL_Client.PingIcons.VoidCell_Inidicator added by assembly: WolfoQoL_Client.dll for: EntityStates.Missions.Arena.NullWard.Active.OnEnter
[Debug  :RoR2BepInExPack] OnHook WolfoQoL_Client.PingIcons.VoidCell_DestroyIndicator added by assembly: WolfoQoL_Client.dll for: EntityStates.Missions.Arena.NullWard.Complete.OnEnter
[Debug  :RoR2BepInExPack] OnHook WolfoQoL_Client.PingIcons.TeleporterInteraction_Start added by assembly: WolfoQoL_Client.dll for: RoR2.TeleporterInteraction.Start
[Debug  :RoR2BepInExPack] OnHook WolfoQoL_Client.PingIcons.PingIconsShareColor added by assembly: WolfoQoL_Client.dll for: RoR2.UI.ChargeIndicatorController.Awake
[Debug  :RoR2BepInExPack] OnHook WolfoQoL_Client.PingIcons.NewtPingIcon added by assembly: WolfoQoL_Client.dll for: RoR2.PortalStatueBehavior.PreStartClient
[Debug  :RoR2BepInExPack] OnHook WolfoQoL_Client.PingIcons.RemoveScannerIcon_General added by assembly: WolfoQoL_Client.dll for: RoR2.PurchaseInteraction.OnInteractionBegin
[Debug  :RoR2BepInExPack] OnHook WolfoQoL_Client.PingIcons.RemoveScannerIcon_Shop added by assembly: WolfoQoL_Client.dll for: RoR2.MultiShopController.OnPurchase
[Debug  :RoR2BepInExPack] OnHook WolfoQoL_Client.PingIcons.RemoveScannerIcon_Barrel added by assembly: WolfoQoL_Client.dll for: RoR2.BarrelInteraction.OnInteractionBegin
[Debug  :RoR2BepInExPack] OnHook WolfoQoL_Client.PingIcons.BlockScanner_Purchase added by assembly: WolfoQoL_Client.dll for: RoR2.PurchaseInteraction.ShouldShowOnScanner
[Debug  :RoR2BepInExPack] OnHook WolfoQoL_Client.PingIcons.BlockScanner_Generic added by assembly: WolfoQoL_Client.dll for: RoR2.GenericInteraction.ShouldShowOnScanner
[Debug  :RoR2BepInExPack] OnHook WolfoQoL_Client.PingIcons.ScannerOverrideIcon added by assembly: WolfoQoL_Client.dll for: RoR2.ChestRevealer+RevealedObject.OnEnable
[Debug  :RoR2BepInExPack] OnHook WolfoQoL_Client.PingIcons.GenericPickupController_SyncPickupIndex added by assembly: WolfoQoL_Client.dll for: RoR2.GenericPickupController.SyncPickupIndex
[Debug  :RoR2BepInExPack] OnHook WolfoQoL_Client.WolfoMain.AddReminders added by assembly: WolfoQoL_Client.dll for: RoR2.SceneDirector.Start
[Debug  :RoR2BepInExPack] OnHook WolfoQoL_Client.WolfoMain.PingVisualStageChanges added by assembly: WolfoQoL_Client.dll for: RoR2.Stage.PreStartClient
[Debug  :RoR2BepInExPack] OnHook WolfoQoL_Client.WolfoMain.OneTimeOnlyLateRunner added by assembly: WolfoQoL_Client.dll for: RoR2.UI.MainMenu.MainMenuController.Start
[Debug  :RoR2BepInExPack] OnHook WolfoQoL_Client.WolfoMain.MainMenuExtras added by assembly: WolfoQoL_Client.dll for: RoR2.UI.MainMenu.MainMenuController.Start
[Debug  :RoR2BepInExPack] OnHook WolfoQoL_Client.MissionPointers.VoidFields_AddPointer added by assembly: WolfoQoL_Client.dll for: EntityStates.Missions.Arena.NullWard.WardOnAndReady.OnEnter
[Debug  :RoR2BepInExPack] OnHook WolfoQoL_Client.MissionPointers.VoidFields_RemovePointer added by assembly: WolfoQoL_Client.dll for: EntityStates.Missions.Arena.NullWard.WardOnAndReady.OnExit
[Debug  :RoR2BepInExPack] OnHook WolfoQoL_Client.MissionPointers.LunarPillar_AddPointers added by assembly: WolfoQoL_Client.dll for: EntityStates.Missions.Moon.MoonBatteryComplete.OnEnter
[Debug  :RoR2BepInExPack] OnHook WolfoQoL_Client.MissionPointers.GildedCoast_Client added by assembly: WolfoQoL_Client.dll for: EntityStates.Interactables.GoldBeacon.NotReady.OnEnter
[Debug  :RoR2BepInExPack] OnHook WolfoQoL_Client.MissionPointers.GildedCoast_Add added by assembly: WolfoQoL_Client.dll for: EntityStates.Interactables.GoldBeacon.Ready.OnEnter
[Debug  :RoR2BepInExPack] OnHook WolfoQoL_Client.ClientChecks.AddClientListeners added by assembly: WolfoQoL_Client.dll for: RoR2.PlayerCharacterMasterController.Start
[Debug  :RoR2BepInExPack] OnHook WolfoQoL_Client.ClientChecks.PlayerCharacterMasterController_SetBodyPrefabToPreference added by assembly: WolfoQoL_Client.dll for: RoR2.PlayerCharacterMasterController.SetBodyPrefabToPreference
[Debug  :RoR2BepInExPack] OnHook WolfoQoL_Client.ClientChecks.ClientCheck_Multishop added by assembly: WolfoQoL_Client.dll for: RoR2.MultiShopController.OnDeserialize
[Debug  :RoR2BepInExPack] OnHook WolfoQoL_Client.ClientChecks.ScrapperBaseState_OnEnter added by assembly: WolfoQoL_Client.dll for: EntityStates.Scrapper.ScrapperBaseState.OnEnter
[Debug  :RoR2BepInExPack] ILHook WolfoQoL_Client.ClientChecks.ClientCheck_Purchase modifier by assembly: WolfoQoL_Client.dll for: RoR2.PurchaseInteraction.OnDeserialize
[Debug  :RoR2BepInExPack] ILHook WolfoQoL_Client.ClientChecks.Inventory_OnDeserialize modifier by assembly: WolfoQoL_Client.dll for: RoR2.Inventory.OnDeserialize
[Debug  :RoR2BepInExPack] OnHook WolfoQoL_Client.ClientChecks.EquipmentDrone_ForceMessage added by assembly: WolfoQoL_Client.dll for: RoR2.SummonMasterBehavior.OnDisable
[Debug  :RoR2BepInExPack] OnHook WolfoQoL_Client.ChefOil.OilGhostController_DoGhostVisual added by assembly: WolfoQoL_Client.dll for: OilGhostController.DoGhostVisual
[Info   :   BepInEx] TS Manifest: Wolfo-WolfoQoL_OptionalExtras-4.0.2
[Info   :   BepInEx] Loading [WolfoQoL_Extras 4.0.0]
[Info   : Unity Log] WQoL InitConfig
[Info   :R2API.ContentManagement] Created a SerializableContentPack for mod Wolfo.WolfoQoL_Server
[Debug  :RoR2BepInExPack] OnHook WolfoQoL_Server.BuffTimers+<>c.<Buffs_NewBuffs>b__13_0 added by assembly: WolfoQoL_Server.dll for: RoR2.JetpackController.StartFlight
[Debug  :RoR2BepInExPack] OnHook WolfoQoL_Server.BuffTimers+<>c.<Buffs_NewBuffs>b__13_1 added by assembly: WolfoQoL_Server.dll for: RoR2.JetpackController.OnDestroy
[Debug  :RoR2BepInExPack] OnHook WolfoQoL_Server.BuffTimers+<>c.<Buffs_NewBuffs>b__13_2 added by assembly: WolfoQoL_Server.dll for: EntityStates.GhostUtilitySkillState.OnEnter
[Debug  :RoR2BepInExPack] OnHook WolfoQoL_Server.BuffTimers+<>c.<Buffs_NewBuffs>b__13_3 added by assembly: WolfoQoL_Server.dll for: EntityStates.GhostUtilitySkillState.OnExit
[Debug  :RoR2BepInExPack] OnHook WolfoQoL_Server.BuffTimers+<>c.<Buffs_NewBuffs>b__13_4 added by assembly: WolfoQoL_Server.dll for: RoR2.CharacterBody.OnSprintStart
[Debug  :RoR2BepInExPack] OnHook WolfoQoL_Server.BuffTimers+<>c.<Buffs_NewBuffs>b__13_5 added by assembly: WolfoQoL_Server.dll for: RoR2.CharacterBody.OnSprintStop
[Debug  :RoR2BepInExPack] OnHook WolfoQoL_Server.BuffTimers+<>c.<Buffs_NewBuffs>b__13_11 added by assembly: WolfoQoL_Server.dll for: RoR2.CharacterBody.OnTakeDamageServer
[Debug  :RoR2BepInExPack] OnHook WolfoQoL_Server.BuffTimers+<>c.<Buffs_NewBuffs>b__13_12 added by assembly: WolfoQoL_Server.dll for: RoR2.HealthComponent.ForceShieldRegen
[Debug  :RoR2BepInExPack] OnHook WolfoQoL_Server.BuffTimers+<>c.<Buffs_NewBuffs>b__13_13 added by assembly: WolfoQoL_Server.dll for: RoR2.IcicleAuraController.OnOwnerKillOther
[Debug  :RoR2BepInExPack] OnHook WolfoQoL_Server.ConsumedItems.UsedKeyGiver added by assembly: WolfoQoL_Server.dll for: RoR2.PurchaseInteraction.OnInteractionBegin
[Debug  :RoR2BepInExPack] OnHook WolfoQoL_Server.ConsumedItems.CharacterMaster_OnBeadReset added by assembly: WolfoQoL_Server.dll for: RoR2.CharacterMaster.OnBeadReset
[Debug  :RoR2BepInExPack] OnHook WolfoQoL_Server.WolfoMain.OneTimeOnlyLateRunner added by assembly: WolfoQoL_Server.dll for: RoR2.UI.MainMenu.MainMenuController.Start
[Message:   BepInEx] Chainloader startup complete
[Info   : Unity Log] SCANNING ASSEMBLIES (not using cached searchables/assemblies!)
[Warning: Unity Log] Could not find scene with name "loadingbasic".
[Warning: Unity Log] Could not find scene with name "loadingbasic".
[Warning: Unity Log] Could not find scene with name "loadingbasic".
[Warning: Unity Log] Could not find scene with name "loadingbasic".
[Info   :     R2API] [NetworkCompatibility] Adding to the networkModList : 
[Info   :     R2API] bubbet.networkedtimedbuffs;1.0.3
[Info   :     R2API] com.Moffein.EliteReworks;1.15.0
[Info   :     R2API] com.Moffein.NetworkedPrayerBeads
[Info   :     R2API] com.RiskyLives.RiskyMod;2.7.2
[Info   :     R2API] Wolfo.WolfoQoL_Server;4.0.0
[Debug  :RoR2BepInExPack] OnHook SpawnPointMover.Main.Phase1_OnEnter added by assembly: SpawnPointMover.dll for: EntityStates.Missions.BrotherEncounter.Phase1.OnEnter
[Debug  :RoR2BepInExPack] OnHook ProperSave.ModSupport.BBHook modifier by assembly: ProperSave.dll for: BiggerBazaar.Bazaar.StartBazaar
[Debug  :RoR2BepInExPack] OnHook ProperSave.Saving.StageOnStageStartGlobal added by assembly: ProperSave.dll for: RoR2.Run.BeginStage
[Debug  :RoR2BepInExPack] OnHook ProperSave.Saving.RunGenerateStageRNG added by assembly: ProperSave.dll for: RoR2.Run.GenerateStageRNG
[Debug  :RoR2BepInExPack] ILHook ProperSave.Saving.IssueQuitCommandIL modifier by assembly: ProperSave.dll for: RoR2.QuitConfirmationHelper.IssueQuitCommand
[Debug  :RoR2BepInExPack] ILHook ProperSave.Loading.RunStart modifier by assembly: ProperSave.dll for: RoR2.Run.Start
[Debug  :RoR2BepInExPack] OnHook ProperSave.Loading.TeamManagerStart added by assembly: ProperSave.dll for: RoR2.TeamManager.Start
[Debug  :RoR2BepInExPack] OnHook ProperSave.LobbyUI.CharacterSelectControllerAwake added by assembly: ProperSave.dll for: RoR2.UI.CharacterSelectController.Awake
[Debug  :RoR2BepInExPack] OnHook WolfoFixes.Testing.Commands.TeamManager_Start added by assembly: WolfoFixes.dll for: RoR2.TeamManager.Start
[Debug  :RoR2BepInExPack] OnHook WolfoFixes.Testing.Test.CommandWithEveryItem added by assembly: WolfoFixes.dll for: RoR2.PickupPickerController.GetOptionsFromPickupIndex
[Debug  :RoR2BepInExPack] OnHook WolfoFixes.VoidSuppressor.MakeTiered added by assembly: WolfoFixes.dll for: RoR2.PickupCatalog.Init
[Debug  :RoR2BepInExPack] OnHook WolfoFixes.VoidSuppressor.MakeUntiered added by assembly: WolfoFixes.dll for: RoR2.PickupCatalog.SetEntries
[Debug  :RoR2BepInExPack] OnHook WolfoFixes.VoidSuppressor.RemoveFromCompletion added by assembly: WolfoFixes.dll for: RoR2.GameCompletionStatsHelper..ctor
[Debug  :RoR2BepInExPack] OnHook WolfoFixes.VoidSuppressor.AddPriceHologram added by assembly: WolfoFixes.dll for: RoR2.VoidSuppressorBehavior.PreStartClient
[Debug  :RoR2BepInExPack] OnHook WolfoFixes.VoidSuppressor.FixPickupDisplayTooSmallDueToLossyScale added by assembly: WolfoFixes.dll for: RoR2.VoidSuppressorBehavior.RefreshPickupDisplays
[Debug  :RoR2BepInExPack] OnHook WolfoFixes.BodyFixes.IceBox_OnEnter added by assembly: WolfoFixes.dll for: EntityStates.Chef.IceBox.OnEnter
[Debug  :RoR2BepInExPack] OnHook WolfoFixes.BodyFixes.CleaverProjectile_ChargeCleaver added by assembly: WolfoFixes.dll for: RoR2.Projectile.CleaverProjectile.ChargeCleaver
[Debug  :RoR2BepInExPack] OnHook WolfoFixes.BodyFixes.FallDamageImmunityOnOilSpillCancel added by assembly: WolfoFixes.dll for: EntityStates.Chef.OilSpillBase.OnExit
[Debug  :RoR2BepInExPack] OnHook WolfoFixes.BodyFixes.WhirlwindBase_OnEnter added by assembly: WolfoFixes.dll for: EntityStates.Merc.WhirlwindBase.OnEnter
[Debug  :RoR2BepInExPack] OnHook WolfoFixes.BodyFixes+<>c.<Start>b__2_0 added by assembly: WolfoFixes.dll for: EntityStates.Croco.Spawn.OnEnter
[Debug  :RoR2BepInExPack] OnHook WolfoFixes.BodyFixes+<>c.<Start>b__2_1 added by assembly: WolfoFixes.dll for: EntityStates.Croco.Spawn.OnExit
[Debug  :RoR2BepInExPack] OnHook WolfoFixes.BodyFixes.FixDumbFruit added by assembly: WolfoFixes.dll for: EntityStates.Fauna.HabitatFruitDeathState.OnEnter
[Debug  :RoR2BepInExPack] OnHook WolfoFixes.BodyFixes.XI_LaserFix added by assembly: WolfoFixes.dll for: EntityStates.MajorConstruct.Weapon.FireLaser.OnExit
[Debug  :RoR2BepInExPack] ILHook WolfoFixes.BodyFixes.FixCaptainBeaconNoCrit modifier by assembly: WolfoFixes.dll for: EntityStates.CaptainSupplyDrop.HitGroundState.OnEnter
[Debug  :RoR2BepInExPack] ILHook WolfoFixes.BodyFixes.CommandoReloadStateRemove modifier by assembly: WolfoFixes.dll for: EntityStates.Commando.CommandoWeapon.FirePistol2.FixedUpdate
[Debug  :RoR2BepInExPack] OnHook WolfoFixes.DevotionFixes.Fix_EliteListBeingBlank added by assembly: WolfoFixes.dll for: RoR2.DevotionInventoryController.OnDevotionArtifactDisabled
[Debug  :RoR2BepInExPack] OnHook WolfoFixes.DevotionFixes.Fix_NullrefWhenOrb added by assembly: WolfoFixes.dll for: RoR2.CharacterAI.LemurianEggController.CreateItemTakenOrb
[Debug  :RoR2BepInExPack] OnHook WolfoFixes.DevotionFixes.AddItemToAllFirst added by assembly: WolfoFixes.dll for: RoR2.DevotionInventoryController.UpdateAllMinions
[Debug  :RoR2BepInExPack] ILHook WolfoFixes.DevotionFixes.RemoveNormalItemGiving modifier by assembly: WolfoFixes.dll for: RoR2.DevotionInventoryController.UpdateMinionInventory
[Debug  :RoR2BepInExPack] ILHook WolfoFixes.DevotionFixes.CheckIfNullBody modifier by assembly: WolfoFixes.dll for: RoR2.DevotionInventoryController.UpdateMinionInventory
[Debug  :RoR2BepInExPack] OnHook WolfoFixes.DevotionFixes.CheckIfInventoryNull added by assembly: WolfoFixes.dll for: DevotedLemurianController.OnDevotedBodyDead
[Debug  :RoR2BepInExPack] OnHook WolfoFixes.DevotionFixes.CheckIfRandomlyPlayerMasterNull added by assembly: WolfoFixes.dll for: RoR2.DevotionInventoryController.GetOrCreateDevotionInventoryController
[Debug  :RoR2BepInExPack] OnHook WolfoFixes.DevotionFixes.FixEvolveWithoutBody added by assembly: WolfoFixes.dll for: RoR2.DevotionInventoryController.EvolveDevotedLumerian
[Debug  :RoR2BepInExPack] OnHook WolfoFixes.DevotionFixes.SoundBugged added by assembly: WolfoFixes.dll for: EntityStates.LemurianMonster.SpawnState.OnEnter
[Debug  :RoR2BepInExPack] OnHook WolfoFixes.DevotionFixes.NoSoundEven added by assembly: WolfoFixes.dll for: EntityStates.LemurianBruiserMonster.SpawnState.OnEnter
[Debug  :RoR2BepInExPack] OnHook WolfoFixes.GameplayMisc.PathOfColossusSkipFix added by assembly: WolfoFixes.dll for: RoR2.SceneExitController.OnEnable
[Debug  :RoR2BepInExPack] ILHook WolfoFixes.GameplayMisc.SwarmsVengenceGooboFix modifier by assembly: WolfoFixes.dll for: RoR2.Artifacts.SwarmsArtifactManager.OnSpawnCardOnSpawnedServerGlobal
[Debug  :RoR2BepInExPack] ILHook WolfoFixes.GameplayMisc.AllowGhostsToSuicideProperly modifier by assembly: WolfoFixes.dll for: RoR2.HealthComponent.ServerFixedUpdate
[Debug  :RoR2BepInExPack] ILHook WolfoFixes.ShrineShapingFixes.ShrineRezEffect modifier by assembly: WolfoFixes.dll for: RoR2.EquipmentSlot.FireHealAndRevive
[Debug  :RoR2BepInExPack] ILHook WolfoFixes.ShrineShapingFixes.ShrineRezEffect modifier by assembly: WolfoFixes.dll for: RoR2.CharacterMaster.RespawnExtraLifeHealAndRevive
[Debug  :RoR2BepInExPack] ILHook WolfoFixes.ShrineShapingFixes.ShrineRezEffect modifier by assembly: WolfoFixes.dll for: RoR2.CharacterMaster.RespawnExtraLifeShrine
[Debug  :RoR2BepInExPack] OnHook WolfoFixes.ShrineHalcyonFixes.CombatDirector_SpendAllCreditsOnMapSpawns added by assembly: WolfoFixes.dll for: RoR2.CombatDirector.SpendAllCreditsOnMapSpawns
[Debug  :RoR2BepInExPack] OnHook WolfoFixes.ShrineHalcyonFixes.CombatDirector_HalcyoniteShrineActivation added by assembly: WolfoFixes.dll for: RoR2.CombatDirector.HalcyoniteShrineActivation
[Debug  :RoR2BepInExPack] OnHook WolfoFixes.ShrineHalcyonFixes.HalcyoniteShrineInteractable_IsDraining added by assembly: WolfoFixes.dll for: RoR2.HalcyoniteShrineInteractable.IsDraining
[Debug  :RoR2BepInExPack] OnHook WolfoFixes.ShrineHalcyonFixes.MoreValuesForClients added by assembly: WolfoFixes.dll for: RoR2.HalcyoniteShrineInteractable.Awake
[Debug  :RoR2BepInExPack] OnHook WolfoFixes.ShrineHalcyonFixes.MoreValuesClient2 added by assembly: WolfoFixes.dll for: RoR2.HalcyoniteShrineInteractable.Start
[Debug  :RoR2BepInExPack] ILHook WolfoFixes.ShrineHalcyonFixes.DelayThunderMessage modifier by assembly: WolfoFixes.dll for: RoR2.PortalSpawner.Start
[Debug  :RoR2BepInExPack] ILHook WolfoFixes.ShrineHalcyonFixes.FixVisualsBeingInconsistent modifier by assembly: WolfoFixes.dll for: EntityStates.ShrineHalcyonite.ShrineHalcyoniteBaseState.ModifyVisuals
[Debug  :RoR2BepInExPack] OnHook WolfoFixes.InteractableFixes.FixDuplicateAndEmptyThirdSeers added by assembly: WolfoFixes.dll for: RoR2.BazaarController.SetUpSeerStations
[Debug  :RoR2BepInExPack] OnHook WolfoFixes.InteractableFixes.BazaarDisableAllSeers added by assembly: WolfoFixes.dll for: RoR2.SeerStationController.SetRunNextStageToTarget
[Debug  :RoR2BepInExPack] ILHook WolfoFixes.ItemFixes.FixWarpedEchoE8 modifier by assembly: WolfoFixes.dll for: RoR2.HealthComponent.TakeDamageProcess
[Debug  :RoR2BepInExPack] ILHook WolfoFixes.ItemFixes.FixWarpedEchoNotUsingArmor modifier by assembly: WolfoFixes.dll for: RoR2.HealthComponent.TakeDamageProcess
[Debug  :RoR2BepInExPack] OnHook WolfoFixes.ItemFixes.WEchoFirstHitIntoDanger added by assembly: WolfoFixes.dll for: RoR2.CharacterBody.OnTakeDamageServer
[Debug  :RoR2BepInExPack] ILHook WolfoFixes.ItemFixes.FixChargedPerferatorCrit modifier by assembly: WolfoFixes.dll for: RoR2.GlobalEventManager.ProcessHitEnemy
[Debug  :RoR2BepInExPack] ILHook WolfoFixes.ItemFixes.Antler_FixWrongAuth modifier by assembly: WolfoFixes.dll for: RoR2.CharacterBody.RpcRequestShardInfoClient
[Debug  :RoR2BepInExPack] OnHook WolfoFixes.ItemFixes.Antler_FixNullRefOnNullMotor added by assembly: WolfoFixes.dll for: RoR2.CharacterBody.RpcRequestShardInfoClient
[Debug  :RoR2BepInExPack] ILHook WolfoFixes.EquipmentFixes.FixSawmarang modifier by assembly: WolfoFixes.dll for: RoR2.GlobalEventManager.ProcessHitEnemy
[Debug  :RoR2BepInExPack] OnHook WolfoFixes.EquipmentFixes.FixTwisteds_NotWorkingOnPlayers added by assembly: WolfoFixes.dll for: RoR2.Util.HealthComponentToTransform
[Debug  :RoR2BepInExPack] OnHook WolfoFixes.EquipmentFixes.BugWingsAlways_SetupWings added by assembly: WolfoFixes.dll for: RoR2.JetpackController.SetupWings
[Debug  :RoR2BepInExPack] OnHook WolfoFixes.EquipmentFixes.BugWingsAlways_OnDisable added by assembly: WolfoFixes.dll for: RoR2.JetpackController.OnDisable
[Debug  :RoR2BepInExPack] OnHook WolfoFixes.EquipmentFixes.FallbackIfNoItemDisplay added by assembly: WolfoFixes.dll for: EntityStates.QuestVolatileBattery.CountDown.OnEnter
[Debug  :RoR2BepInExPack] OnHook WolfoFixes.PrayerBeads.BuffTracker_ClientFix added by assembly: WolfoFixes.dll for: RoR2.CharacterBody.Awake
[Debug  :RoR2BepInExPack] ILHook WolfoFixes.PrayerBeads.BuffTracker_SetBuffCount_FixAmount modifier by assembly: WolfoFixes.dll for: RoR2.CharacterBody.RecalculateStats
[Debug  :RoR2BepInExPack] OnHook WolfoFixes.PrayerBeads.CharacterMaster_OnBeadReset added by assembly: WolfoFixes.dll for: RoR2.CharacterMaster.OnBeadReset
[Debug  :RoR2BepInExPack] ILHook WolfoFixes.Simualcrum.FixRequestIndicatorsClient modifier by assembly: WolfoFixes.dll for: RoR2.InfiniteTowerWaveController.FixedUpdate
[Info   : Unity Log] IL Found : IL.RoR2.InfiniteTowerWaveController.FixedUpdate
[Debug  :RoR2BepInExPack] OnHook WolfoFixes.Simualcrum.Waiting_SetRadius added by assembly: WolfoFixes.dll for: EntityStates.InfiniteTowerSafeWard.AwaitingActivation.OnEnter
[Debug  :RoR2BepInExPack] OnHook WolfoFixes.Simualcrum.ForceSotVOn added by assembly: WolfoFixes.dll for: RoR2.InfiniteTowerRun.OverrideRuleChoices
[Debug  :RoR2BepInExPack] OnHook WolfoFixes.Audio+<>c.<UnusedSounds>b__0_0 added by assembly: WolfoFixes.dll for: RoR2.ShopTerminalBehavior.PreStartClient
[Debug  :RoR2BepInExPack] OnHook WolfoFixes.Audio+<>c.<UnusedSounds>b__0_1 added by assembly: WolfoFixes.dll for: RoR2.ShopTerminalBehavior.DropPickup
[Debug  :RoR2BepInExPack] OnHook WolfoFixes.Audio+<>c.<UnusedSounds>b__0_2 added by assembly: WolfoFixes.dll for: EntityStates.ScavMonster.Sit.OnEnter
[Debug  :RoR2BepInExPack] OnHook WolfoFixes.Audio+<>c.<UnusedSounds>b__0_3 added by assembly: WolfoFixes.dll for: EntityStates.GlobalSkills.LunarDetonator.Detonate.OnEnter
[Debug  :RoR2BepInExPack] ILHook WolfoFixes.Audio.WarBondsNoise_OnlyIfActuallyMissile modifier by assembly: WolfoFixes.dll for: RoR2.BarrageOnBossBehaviour.StartMissileCountdown
[Debug  :RoR2BepInExPack] OnHook WolfoFixes.Audio.LoadMulTSoundsForScrapper added by assembly: WolfoFixes.dll for: RoR2.WwiseUtils.SoundbankLoader.Start
[Debug  :RoR2BepInExPack] OnHook WolfoFixes.Audio.FixClientNoiseSpam added by assembly: WolfoFixes.dll for: EntityStates.Engi.SpiderMine.Detonate.OnEnter
[Debug  :RoR2BepInExPack] OnHook WolfoFixes.RandomFixes.NewtAvailableFix12 added by assembly: WolfoFixes.dll for: RoR2.PortalStatueBehavior.PreStartClient
[Debug  :RoR2BepInExPack] OnHook WolfoFixes.RandomFixes.NewtAvailableFix2 added by assembly: WolfoFixes.dll for: RoR2.TeleporterInteraction.OnSyncShouldAttemptToSpawnShopPortal
[Debug  :RoR2BepInExPack] OnHook WolfoFixes.RandomFixes.DisableEmptyHologram added by assembly: WolfoFixes.dll for: RoR2.PurchaseInteraction.ShouldDisplayHologram
[Debug  :RoR2BepInExPack] OnHook WolfoFixes.RandomFixes.DisableEmptyHologram2 added by assembly: WolfoFixes.dll for: RoR2.MultiShopController.ShouldDisplayHologram
[Debug  :RoR2BepInExPack] OnHook WolfoFixes.RandomFixes.ChargeState_OnExit added by assembly: WolfoFixes.dll for: EntityStates.VagrantNovaItem.ChargeState.OnExit
[Debug  :RoR2BepInExPack] ILHook WolfoFixes.RandomFixes.FixChronocDisplayNullRefOnCorpse modifier by assembly: WolfoFixes.dll for: RoR2.IncreaseDamageOnMultiKillItemDisplayUpdater.SetVisibleHologram
[Debug  :RoR2BepInExPack] ILHook WolfoFixes.RandomFixes.FixUnpingableHelminthRocks modifier by assembly: WolfoFixes.dll for: RoR2.PingerController.GeneratePingInfo
[Debug  :RoR2BepInExPack] OnHook WolfoFixes.LogFixes.CountEclipseSimuAsWins added by assembly: WolfoFixes.dll for: RoR2.Stats.StatManager.OnServerGameOver
[Debug  :RoR2BepInExPack] OnHook WolfoFixes.LogFixes.AddOrSetDefaultModelPanelParamsIfMissing added by assembly: WolfoFixes.dll for: RoR2.UI.ModelPanel+CameraFramingCalculator.GetCharacterThumbnailPosition
[Debug  :RoR2BepInExPack] OnHook WolfoFixes.LogFixes.SetValuesForMissingPanelParams added by assembly: WolfoFixes.dll for: RoR2.ModelPanelParameters.OnDrawGizmos
[Debug  :RoR2BepInExPack] OnHook WolfoFixes.OptionPickupStuff.OptionPickup_Fixes added by assembly: WolfoFixes.dll for: RoR2.PickupPickerController.SetOptionsInternal
[Debug  :RoR2BepInExPack] OnHook WolfoFixes.SkinFixes.DontRemoveGildedVisualsOnDeath added by assembly: WolfoFixes.dll for: RoR2.CharacterModel.IsAurelioniteAffix
[Debug  :RoR2BepInExPack] OnHook WolfoFixes.SkinFixes.ApplyFallbackSkinIfSkinIndexOutofBounds added by assembly: WolfoFixes.dll for: RoR2.ModelSkinController.ApplySkinAsync
[Debug  :RoR2BepInExPack] ILHook WolfoFixes.Visuals.CharacterModel_UpdateOverlayStates modifier by assembly: WolfoFixes.dll for: RoR2.CharacterModel.UpdateOverlays
[Debug  :RoR2BepInExPack] ILHook WolfoFixes.Visuals.CharacterModel_UpdateOverlayStates modifier by assembly: WolfoFixes.dll for: RoR2.CharacterModel.UpdateOverlayStates
[Debug  :RoR2BepInExPack] OnHook WolfoFixes.Visuals.RenableParticlesOnEnable added by assembly: WolfoFixes.dll for: RoR2.DetachParticleOnDestroyAndEndEmission.OnDisable
[Debug  :RoR2BepInExPack] OnHook WolfoFixes.ExtraActions.BrotherPhase1 added by assembly: WolfoFixes.dll for: EntityStates.Missions.BrotherEncounter.Phase1.OnEnter
[Debug  :RoR2BepInExPack] OnHook WolfoFixes.ExtraActions.VoidlingStart added by assembly: WolfoFixes.dll for: RoR2.VoidRaidGauntletController.Start
[Debug  :RoR2BepInExPack] OnHook WolfoFixes.ExtraActions.FalseSonPhase1 added by assembly: WolfoFixes.dll for: EntityStates.MeridianEvent.Phase1.OnEnter
[Debug  :RoR2BepInExPack] ILHook WolfoFixes.ExtraActions.MonsterDCCSGenerateHook modifier by assembly: WolfoFixes.dll for: RoR2.ClassicStageInfo.RebuildCards
[Debug  :RoR2BepInExPack] OnHook DebugToolkit.StringFinder.AddCurrentStageIscsToCache added by assembly: DebugToolkit.dll for: RoR2.ClassicStageInfo.Start
[Info   : Unity Log] WolfoQoL_Extras installed? : True
[Debug  :RoR2BepInExPack] OnHook WolfoQoL_Client.LogbookStuff.AddMissingMonsters added by assembly: WolfoQoL_Client.dll for: RoR2.UI.LogBook.LogBookController.BuildMonsterEntries
[Debug  :RoR2BepInExPack] OnHook WolfoQoL_Client.LogbookStuff.SortBossMonster added by assembly: WolfoQoL_Client.dll for: RoR2.UI.LogBook.LogBookController.BuildMonsterEntries
[Debug  :RoR2BepInExPack] OnHook WolfoQoL_Client.LogbookStuff.AddMissingEquipment added by assembly: WolfoQoL_Client.dll for: RoR2.UI.LogBook.LogBookController.BuildPickupEntries
[Debug  :RoR2BepInExPack] OnHook WolfoQoL_Client.LogbookStuff.SortBossEquip_AddBG added by assembly: WolfoQoL_Client.dll for: RoR2.UI.LogBook.LogBookController.BuildPickupEntries
[Debug  :RoR2BepInExPack] OnHook WolfoQoL_Client.LogbookStuff.SurvivorEntryColor added by assembly: WolfoQoL_Client.dll for: RoR2.UI.LogBook.LogBookController.BuildSurvivorEntries
[Debug  :RoR2BepInExPack] OnHook WolfoQoL_Client.LogbookStuff.EliteEquipmentViewable added by assembly: WolfoQoL_Client.dll for: RoR2.UI.LogBook.LogBookController.GetPickupStatus
[Debug  :RoR2BepInExPack] OnHook WolfoQoL_Client.Text.TextChanges.BlueTeleporterObjective added by assembly: WolfoQoL_Client.dll for: RoR2.TeleporterInteraction.Start
[Debug  :RoR2BepInExPack] OnHook WolfoQoL_Client.Text.TextChanges.AddVoidQuantity added by assembly: WolfoQoL_Client.dll for: RoR2.GenericPickupController.HandlePickupMessage
[Debug  :RoR2BepInExPack] ILHook WolfoQoL_Client.Text.TextChanges.IL_PICKUP modifier by assembly: WolfoQoL_Client.dll for: RoR2.GenericPickupController.HandlePickupMessage
[Debug  :RoR2BepInExPack] OnHook WolfoQoL_Client.Text.OptionPickupStuff.FalseSon_GreenOrRed added by assembly: WolfoQoL_Client.dll for: EntityStates.FalseSonBoss.SkyJumpDeathState.GiveColossusItem
[Debug  :RoR2BepInExPack] OnHook WolfoQoL_Client.Text.OptionPickupStuff.OptionPickup_Fixes added by assembly: WolfoQoL_Client.dll for: RoR2.PickupPickerController.SetOptionsInternal
[Debug  :RoR2BepInExPack] OnHook WolfoQoL_Client.Text.OptionPickupStuff.UpdateFragmentText added by assembly: WolfoQoL_Client.dll for: RoR2.UI.PickupPickerPanel.RemovePickupButtonAvailability
[Debug  :RoR2BepInExPack] OnHook WolfoQoL_Client.Text.OptionPickupStuff.PickupPickerController_RpcHandlePickupSelected added by assembly: WolfoQoL_Client.dll for: RoR2.PickupPickerController.RpcHandlePickupSelected
[Debug  :RoR2BepInExPack] OnHook WolfoQoL_Client.Text.TextChanges.PurchaseInteraction_GetDisplayName added by assembly: WolfoQoL_Client.dll for: RoR2.PurchaseInteraction.GetDisplayName
[Debug  :RoR2BepInExPack] ILHook WolfoQoL_Client.Text.TextChanges.PurchaseInteraction_GetContextString modifier by assembly: WolfoQoL_Client.dll for: RoR2.PurchaseInteraction.GetContextString
[Info   :   Console] Facepunch.Steamworks Unity: WindowsPlayer
[Info   :   Console] Facepunch.Steamworks Os: Windows
[Info   :   Console] Facepunch.Steamworks Arch: x64
[Info   : Unity Log] WwiseUnity: Wwise(R) SDK Version 2023.1.4 Build 8496.
[Info   : Unity Log] WwiseUnity: Setting Plugin DLL path to: G:/SteamLibrary/steamapps/common/Risk of Rain 2/Risk of Rain 2_Data\Plugins\x86_64
[Info   : Unity Log] WwiseUnity: Sound engine initialized successfully.
[Info   :R2API.Sound] Custom sound banks loaded.
[Info   : Unity Log] Queueing Soundbank for load Global 
[Info   : Unity Log] Queueing Soundbank for load antiHeal 
[Info   : Unity Log] Queueing Soundbank for load ghost 
[Info   : Unity Log] Queueing Soundbank for load proc_armorReduction 
[Info   : Unity Log] Queueing Soundbank for load proc_guillotine 
[Info   : Unity Log] Queueing Soundbank for load proc_nearbyDamageBonus 
[Info   : Unity Log] Queueing Soundbank for load proc_TPhealingNova 
[Info   : Unity Log] Queueing Soundbank for load proc_warhorn 
[Info   : Unity Log] Queueing Soundbank for load use_cleanse 
[Info   : Unity Log] Queueing Soundbank for load use_fireballDash 
[Info   : Unity Log] Queueing Soundbank for load use_gateway 
[Info   : Unity Log] Queueing Soundbank for load use_lunar_utilityReplacement 
[Info   : Unity Log] Queueing Soundbank for load use_tonic 
[Info   : Unity Log] Queueing Soundbank for load Music 
[Info   : Unity Log] Queueing Soundbank for load char_engineer_walkingTurret 
[Info   : Unity Log] Queueing Soundbank for load char_Toolbot 
[Info   : Unity Log] Queueing Soundbank for load Boss_FalseSon 
[Info   : Unity Log] Soundbanks queued, pendingLoads = 17
[Info   : Unity Log] Queueing Soundbank for load proc_thorns 
[Info   : Unity Log] Queueing Soundbank for load proc_regenOnKill 
[Info   : Unity Log] Queueing Soundbank for load proc_moneyOnKill 
[Info   : Unity Log] Queueing Soundbank for load proc_laserTurbine 
[Info   : Unity Log] Queueing Soundbank for load proc_boss_vagrantNova 
[Info   : Unity Log] Queueing Soundbank for load use_gainArmor 
[Info   : Unity Log] Queueing Soundbank for load item_lunar_primaryReplace 
[Info   : Unity Log] Queueing Soundbank for load Mob_nullifier 
[Info   : Unity Log] Queueing Soundbank for load obj_lunarPool 
[Info   : Unity Log] Queueing Soundbank for load obj_nullWard 
[Info   : Unity Log] Queueing Soundbank for load drone_emergencyHealing 
[Info   : Unity Log] Queueing Soundbank for load char_Toolbot 
[Warning: Unity Log] WwiseUnity: Trying to load soundbank that's already loaded: char_Toolbot
[Info   : Unity Log] Duplicate Soundbank loaded. 27 remaining
[Info   : Unity Log] Queueing Soundbank for load Boss_FalseSon 
[Warning: Unity Log] WwiseUnity: Trying to load soundbank that's already loaded: Boss_FalseSon
[Info   : Unity Log] Duplicate Soundbank loaded. 27 remaining
[Info   : Unity Log] Soundbanks queued, pendingLoads = 28
[Info   : Unity Log] Queueing Soundbank for load Mob_parent 
[Info   : Unity Log] Queueing Soundbank for load Mob_miniMushroom 
[Info   : Unity Log] Queueing Soundbank for load proc_deathmark 
[Info   : Unity Log] Queueing Soundbank for load proc_interstellarDeskPlant 
[Info   : Unity Log] Queueing Soundbank for load use_sawmerang 
[Info   : Unity Log] Queueing Soundbank for load use_recycler 
[Info   : Unity Log] Queueing Soundbank for load proc_repulsionArmor 
[Info   : Unity Log] Queueing Soundbank for load proc_squidTurret 
[Info   : Unity Log] Queueing Soundbank for load item_lunar_FocusedConverence 
[Info   : Unity Log] Queueing Soundbank for load char_Toolbot 
[Warning: Unity Log] WwiseUnity: Trying to load soundbank that's already loaded: char_Toolbot
[Info   : Unity Log] Duplicate Soundbank loaded. 36 remaining
[Info   : Unity Log] Queueing Soundbank for load Boss_FalseSon 
[Warning: Unity Log] WwiseUnity: Trying to load soundbank that's already loaded: Boss_FalseSon
[Info   : Unity Log] Duplicate Soundbank loaded. 36 remaining
[Info   : Unity Log] Soundbanks queued, pendingLoads = 37
[Info   : Unity Log] Queueing Soundbank for load use_lifestealOnhit 
[Info   : Unity Log] Queueing Soundbank for load use_teamWarCry 
[Info   : Unity Log] Queueing Soundbank for load use_deathProjectile 
[Info   : Unity Log] Queueing Soundbank for load proc_bleedOnCritAndExplode 
[Info   : Unity Log] Queueing Soundbank for load proc_fireballsOnHit 
[Info   : Unity Log] Queueing Soundbank for load item_lunar_MonstersOnShrineUse 
[Info   : Unity Log] Queueing Soundbank for load item_lunar_randomDamageZone 
[Info   : Unity Log] Queueing Soundbank for load proc_siphonOnLowHealth 
[Info   : Unity Log] Queueing Soundbank for load char_Toolbot 
[Warning: Unity Log] WwiseUnity: Trying to load soundbank that's already loaded: char_Toolbot
[Info   : Unity Log] Duplicate Soundbank loaded. 44 remaining
[Info   : Unity Log] Queueing Soundbank for load Boss_FalseSon 
[Warning: Unity Log] WwiseUnity: Trying to load soundbank that's already loaded: Boss_FalseSon
[Info   : Unity Log] Duplicate Soundbank loaded. 44 remaining
[Info   : Unity Log] Soundbanks queued, pendingLoads = 45
[Info   : Unity Log] Queueing Soundbank for load Mob_lunarExploder 
[Info   : Unity Log] Queueing Soundbank for load obj_lunarReroller 
[Info   : Unity Log] Queueing Soundbank for load item_lunar_secondaryReplace 
[Info   : Unity Log] Queueing Soundbank for load item_lunar_specialReplace 
[Info   : Unity Log] Queueing Soundbank for load char_Toolbot 
[Warning: Unity Log] WwiseUnity: Trying to load soundbank that's already loaded: char_Toolbot
[Info   : Unity Log] Duplicate Soundbank loaded. 48 remaining
[Info   : Unity Log] Queueing Soundbank for load Boss_FalseSon 
[Warning: Unity Log] WwiseUnity: Trying to load soundbank that's already loaded: Boss_FalseSon
[Info   : Unity Log] Duplicate Soundbank loaded. 48 remaining
[Info   : Unity Log] Soundbanks queued, pendingLoads = 49
[Info   : Unity Log] Queueing Soundbank for load Mob_acidLarva 
[Info   : Unity Log] Queueing Soundbank for load proc_goldOnHurt 
[Info   : Unity Log] Queueing Soundbank for load proc_healingPotion 
[Info   : Unity Log] Queueing Soundbank for load proc_moveSpeedOnKill 
[Info   : Unity Log] Queueing Soundbank for load proc_attackAndMoveBuff 
[Info   : Unity Log] Queueing Soundbank for load proc_regenScrap 
[Info   : Unity Log] Queueing Soundbank for load proc_premDebuffOnHit 
[Info   : Unity Log] Queueing Soundbank for load use_bossHunter 
[Info   : Unity Log] Queueing Soundbank for load use_gummyClone 
[Info   : Unity Log] Queueing Soundbank for load use_molotov 
[Info   : Unity Log] Queueing Soundbank for load void_bleedOnHit 
[Info   : Unity Log] Queueing Soundbank for load void_mushroom 
[Info   : Unity Log] Queueing Soundbank for load void_critGlasses 
[Info   : Unity Log] Queueing Soundbank for load void_bear 
[Info   : Unity Log] Queueing Soundbank for load void_treasureCache 
[Info   : Unity Log] Queueing Soundbank for load void_missile 
[Info   : Unity Log] Queueing Soundbank for load void_chainLightning 
[Info   : Unity Log] Queueing Soundbank for load void_extraLife 
[Info   : Unity Log] Queueing Soundbank for load void_explodeOnDeath 
[Info   : Unity Log] Queueing Soundbank for load void_clover 
[Info   : Unity Log] Queueing Soundbank for load Mob_flyingVermin 
[Info   : Unity Log] Queueing Soundbank for load Mob_blindVermin 
[Info   : Unity Log] Queueing Soundbank for load proc_strengthenBurn 
[Info   : Unity Log] Queueing Soundbank for load Mob_gup 
[Info   : Unity Log] Queueing Soundbank for load obj_eradicator 
[Info   : Unity Log] Queueing Soundbank for load obj_voidCradle 
[Info   : Unity Log] Queueing Soundbank for load Mob_minorConstruct 
[Info   : Unity Log] Queueing Soundbank for load Mob_voidDevastator 
[Info   : Unity Log] Queueing Soundbank for load mending 
[Info   : Unity Log] Queueing Soundbank for load void 
[Info   : Unity Log] Queueing Soundbank for load Mob_arenaCrab 
[Info   : Unity Log] Queueing Soundbank for load proc_delicateWatch 
[Info   : Unity Log] Queueing Soundbank for load proc_scrapGoop 
[Info   : Unity Log] Queueing Soundbank for load obj_itemShip 
[Info   : Unity Log] Queueing Soundbank for load char_Toolbot 
[Warning: Unity Log] WwiseUnity: Trying to load soundbank that's already loaded: char_Toolbot
[Info   : Unity Log] Duplicate Soundbank loaded. 82 remaining
[Info   : Unity Log] Queueing Soundbank for load Boss_FalseSon 
[Warning: Unity Log] WwiseUnity: Trying to load soundbank that's already loaded: Boss_FalseSon
[Info   : Unity Log] Duplicate Soundbank loaded. 82 remaining
[Info   : Unity Log] Soundbanks queued, pendingLoads = 83
[Info   : Unity Log] Queueing Soundbank for load obj_devotion_egg 
[Info   : Unity Log] Queueing Soundbank for load artifact_delusion 
[Info   : Unity Log] Queueing Soundbank for load item_proc_lowerPricedChest 
[Info   : Unity Log] Queueing Soundbank for load item_lunar_onLevelUpFreeUnlock 
[Info   : Unity Log] Queueing Soundbank for load item_proc_boostAllStats 
[Info   : Unity Log] Queueing Soundbank for load item_proc_delayedDamage 
[Info   : Unity Log] Queueing Soundbank for load item_proc_extraShrineItem 
[Info   : Unity Log] Queueing Soundbank for load item_proc_extraStatsOnLevelUp 
[Info   : Unity Log] Queueing Soundbank for load item_proc_goldOnStageStart 
[Info   : Unity Log] Queueing Soundbank for load item_proc_increaseDamageMultiKill 
[Info   : Unity Log] Queueing Soundbank for load item_proc_increasePrimaryDamage 
[Info   : Unity Log] Queueing Soundbank for load item_proc_knockBackHitEnemies 
[Info   : Unity Log] Queueing Soundbank for load item_proc_lowerHealthHigherDamage 
[Info   : Unity Log] Queueing Soundbank for load item_proc_lowerPricedChest 
[Warning: Unity Log] WwiseUnity: Trying to load soundbank that's already loaded: item_proc_lowerPricedChest
[Info   : Unity Log] Duplicate Soundbank loaded. 95 remaining
[Info   : Unity Log] Queueing Soundbank for load item_proc_meteorAttackOnHighDamage 
[Info   : Unity Log] Queueing Soundbank for load item_proc_negateAttack 
[Info   : Unity Log] Queueing Soundbank for load item_proc_stunAndPierce 
[Info   : Unity Log] Queueing Soundbank for load item_proc_teleportOnLowHealth 
[Info   : Unity Log] Queueing Soundbank for load item_proc_triggerEnemyDebuffs 
[Info   : Unity Log] Queueing Soundbank for load item_use_healAndRevive 
[Info   : Unity Log] Queueing Soundbank for load obj_shrineHalcyonite 
[Info   : Unity Log] Queueing Soundbank for load obj_falseSonCore 
[Info   : Unity Log] Queueing Soundbank for load obj_shrineColossus 
[Info   : Unity Log] Queueing Soundbank for load Mob_scorchling 
[Info   : Unity Log] Queueing Soundbank for load obj_shrineShaping 
[Info   : Unity Log] Queueing Soundbank for load DLC2_Items 
[Info   : Unity Log] Queueing Soundbank for load DLC2_Mobs 
[Info   : Unity Log] Queueing Soundbank for load char_Toolbot 
[Warning: Unity Log] WwiseUnity: Trying to load soundbank that's already loaded: char_Toolbot
[Info   : Unity Log] Duplicate Soundbank loaded. 108 remaining
[Info   : Unity Log] Queueing Soundbank for load Boss_FalseSon 
[Warning: Unity Log] WwiseUnity: Trying to load soundbank that's already loaded: Boss_FalseSon
[Info   : Unity Log] Duplicate Soundbank loaded. 108 remaining
[Info   : Unity Log] Soundbanks queued, pendingLoads = 109
[Info   : Unity Log] Initializing Mod System...
[Info   : Unity Log] Mod System initialized.
[Warning: Unity Log] The referenced script on this Behaviour (Game Object '<null>') is missing!
[Warning: Unity Log] The referenced script (Rewired.Platforms.Switch.NintendoSwitchInputManager) on this Behaviour is missing!
[Warning: Unity Log] The referenced script on this Behaviour (Game Object 'Rewired Input Manager') is missing!
[Info   : Unity Log] Soundbank 1465331116 loaded. 108 remaining
[Info   : Unity Log] Soundbank 1689932043 loaded. 107 remaining
[Info   : Unity Log] Soundbank 4023194814 loaded. 106 remaining
[Info   : Unity Log] Soundbank 9845752 loaded. 105 remaining
[Info   : Unity Log] Soundbank 2655849890 loaded. 104 remaining
[Info   : Unity Log] Soundbank 4187452863 loaded. 103 remaining
[Info   : Unity Log] Soundbank 404387444 loaded. 102 remaining
[Info   : Unity Log] Soundbank 1953513989 loaded. 101 remaining
[Info   : Unity Log] Soundbank 3413481868 loaded. 100 remaining
[Info   : Unity Log] Soundbank 3985223118 loaded. 99 remaining
[Info   : Unity Log] Soundbank 1966948937 loaded. 98 remaining
[Info   : Unity Log] Soundbank 1862879174 loaded. 97 remaining
[Info   : Unity Log] Soundbank 2246927104 loaded. 96 remaining
[Info   : Unity Log] Soundbank 3991942870 loaded. 95 remaining
[Info   : Unity Log] Soundbank 994832409 loaded. 94 remaining
[Info   : Unity Log] Soundbank 1233589785 loaded. 93 remaining
[Info   : Unity Log] Soundbank 2095108018 loaded. 92 remaining
[Info   : Unity Log] Soundbank 2504342686 loaded. 91 remaining
[Info   : Unity Log] Soundbank 3199121628 loaded. 90 remaining
[Info   : Unity Log] Soundbank 3554196939 loaded. 89 remaining
[Info   : Unity Log] Soundbank 3745641270 loaded. 88 remaining
[Info   : Unity Log] Soundbank 3489024319 loaded. 87 remaining
[Info   : Unity Log] Soundbank 1205451137 loaded. 86 remaining
[Info   : Unity Log] Soundbank 442554254 loaded. 85 remaining
[Info   : Unity Log] Soundbank 345483614 loaded. 84 remaining
[Info   : Unity Log] Soundbank 1011852739 loaded. 83 remaining
[Info   : Unity Log] Soundbank 1059560718 loaded. 82 remaining
[Info   : Unity Log] Soundbank 1732406355 loaded. 81 remaining
[Info   : Unity Log] Soundbank 1374198700 loaded. 80 remaining
[Info   : Unity Log] Soundbank 1847546455 loaded. 79 remaining
[Info   : Unity Log] Soundbank 934222025 loaded. 78 remaining
[Info   : Unity Log] Soundbank 2359913785 loaded. 77 remaining
[Info   : Unity Log] Soundbank 615700520 loaded. 76 remaining
[Info   : Unity Log] Soundbank 1963867030 loaded. 75 remaining
[Info   : Unity Log] Soundbank 3572910250 loaded. 74 remaining
[Info   : Unity Log] Soundbank 3001196300 loaded. 73 remaining
[Info   : Unity Log] Soundbank 2891636949 loaded. 72 remaining
[Info   : Unity Log] Soundbank 2556564726 loaded. 71 remaining
[Info   : Unity Log] Soundbank 3371428416 loaded. 70 remaining
[Info   : Unity Log] Soundbank 3032470812 loaded. 69 remaining
[Info   : Unity Log] Soundbank 3238167061 loaded. 68 remaining
[Info   : Unity Log] Soundbank 1018875288 loaded. 67 remaining
[Info   : Unity Log] Soundbank 106168028 loaded. 66 remaining
[Info   : Unity Log] Soundbank 1370025320 loaded. 65 remaining
[Info   : Unity Log] Soundbank 2142415572 loaded. 64 remaining
[Info   : Unity Log] Soundbank 3799815731 loaded. 63 remaining
[Info   : Unity Log] Soundbank 426133298 loaded. 62 remaining
[Info   : Unity Log] Soundbank 3742616922 loaded. 61 remaining
[Info   : Unity Log] Soundbank 3823187751 loaded. 60 remaining
[Info   : Unity Log] Soundbank 2279537123 loaded. 59 remaining
[Info   : Unity Log] Soundbank 2023888034 loaded. 58 remaining
[Info   : Unity Log] Soundbank 3180914867 loaded. 57 remaining
[Info   : Unity Log] Soundbank 3843131111 loaded. 56 remaining
[Info   : Unity Log] Soundbank 499416135 loaded. 55 remaining
[Info   : Unity Log] Soundbank 1566663610 loaded. 54 remaining
[Info   : Unity Log] Soundbank 3247940604 loaded. 53 remaining
[Info   : Unity Log] Soundbank 2027800112 loaded. 52 remaining
[Info   : Unity Log] Soundbank 1087440883 loaded. 51 remaining
[Info   : Unity Log] Soundbank 2657263305 loaded. 50 remaining
[Info   : Unity Log] Soundbank 3483997436 loaded. 49 remaining
[Info   : Unity Log] Soundbank 4086344396 loaded. 48 remaining
[Info   : Unity Log] Soundbank 3813512022 loaded. 47 remaining
[Info   : Unity Log] Soundbank 962057104 loaded. 46 remaining
[Info   : Unity Log] Soundbank 3523761873 loaded. 45 remaining
[Info   : Unity Log] Soundbank 1529142338 loaded. 44 remaining
[Info   : Unity Log] Soundbank 120132577 loaded. 43 remaining
[Info   : Unity Log] Soundbank 4155162766 loaded. 42 remaining
[Info   : Unity Log] Soundbank 158907880 loaded. 41 remaining
[Info   : Unity Log] Soundbank 789966885 loaded. 40 remaining
[Info   : Unity Log] Soundbank 3027377960 loaded. 39 remaining
[Info   : Unity Log] Soundbank 3508190176 loaded. 38 remaining
[Info   : Unity Log] Soundbank 949121333 loaded. 37 remaining
[Info   : Unity Log] Soundbank 1147567708 loaded. 36 remaining
[Info   : Unity Log] Soundbank 2062804905 loaded. 35 remaining
[Info   : Unity Log] Soundbank 1537627768 loaded. 34 remaining
[Info   : Unity Log] Soundbank 1193528542 loaded. 33 remaining
[Info   : Unity Log] Soundbank 487167457 loaded. 32 remaining
[Info   : Unity Log] Soundbank 2310155815 loaded. 31 remaining
[Info   : Unity Log] Soundbank 3370470011 loaded. 30 remaining
[Info   : Unity Log] Soundbank 3141563463 loaded. 29 remaining
[Info   : Unity Log] Soundbank 2062467274 loaded. 28 remaining
[Info   : Unity Log] Soundbank 3832200916 loaded. 27 remaining
[Info   : Unity Log] Soundbank 1039323568 loaded. 26 remaining
[Info   : Unity Log] Soundbank 2080865335 loaded. 25 remaining
[Info   : Unity Log] Soundbank 835443085 loaded. 24 remaining
[Info   : Unity Log] Soundbank 58800115 loaded. 23 remaining
[Info   : Unity Log] Soundbank 577000050 loaded. 22 remaining
[Info   : Unity Log] Soundbank 4082005121 loaded. 21 remaining
[Info   : Unity Log] Soundbank 1529670391 loaded. 20 remaining
[Info   : Unity Log] Soundbank 827742080 loaded. 19 remaining
[Info   : Unity Log] Soundbank 730325267 loaded. 18 remaining
[Info   : Unity Log] Soundbank 3880180457 loaded. 17 remaining
[Info   : Unity Log] Soundbank 4273639584 loaded. 16 remaining
[Info   : Unity Log] Soundbank 38761679 loaded. 15 remaining
[Info   : Unity Log] Soundbank 3574570002 loaded. 14 remaining
[Info   : Unity Log] Soundbank 128152461 loaded. 13 remaining
[Info   : Unity Log] Soundbank 3618799142 loaded. 12 remaining
[Info   : Unity Log] Soundbank 3663841528 loaded. 11 remaining
[Info   : Unity Log] Soundbank 1677239337 loaded. 10 remaining
[Info   : Unity Log] Soundbank 2181585632 loaded. 9 remaining
[Info   : Unity Log] Soundbank 1512115115 loaded. 8 remaining
[Info   : Unity Log] Soundbank 2380027467 loaded. 7 remaining
[Info   : Unity Log] Soundbank 3199335826 loaded. 6 remaining
[Info   : Unity Log] Soundbank 1765431557 loaded. 5 remaining
[Info   : Unity Log] Soundbank 1104208749 loaded. 4 remaining
[Info   : Unity Log] Soundbank 2995767272 loaded. 3 remaining
[Info   : Unity Log] Soundbank 99581196 loaded. 2 remaining
[Info   : Unity Log] Soundbank 1181293851 loaded. 1 remaining
[Info   : Unity Log] Soundbank 966522488 loaded. 0 remaining
[Debug  :RoR2BepInExPack] Not scanning R2API.Utils.EmbeddedResources for ConVars due to it containing delegate pointer field(s)
[Info   : Unity Log] "usesocialiconflag" is not a recognized ConCommand or ConVar.
[Info   : Unity Log] Setting current language to "en"
[Info   : Unity Log] Begin Shader Loading
[Error  : Unity Log] UnityEngine.AddressableAssets.InvalidKeyException: Exception of type 'UnityEngine.AddressableAssets.InvalidKeyException' was thrown., Key=86212504c7e9f468db2300dc5932dc17, Type=UnityEngine.Shader
[Info   : Unity Log] loaded a shader!:  TranslucentImage/FillCrop / d996ab4381100014d99e25e68e9aac84
[Info   : Unity Log] loaded a shader!:  TranslucentImage/EfficientBlur / 12e87e7c7fde8e74db9f75172456c5c3
[Info   : Unity Log] loaded a shader!:  TranslucentImage/QuickDumbBlur / b12e02e9a9b684543a286089a03cb04b
[Info   : Unity Log] loaded a shader!:  Shaders/UI/HGUIOverbrighten / cf1ebead4b1ec6c4591b2066773bffd7
[Info   : Unity Log] loaded a shader!:  Shaders/UI/HGUIIgnoreZ / 36643fea3e3d2a844ac2e6e777f5b249
[Info   : Unity Log] loaded a shader!:  Shaders/UI/HGUICustomBlend / 6ecc105be1511d240b11e32eb05f80e8
[Info   : Unity Log] loaded a shader!:  Shaders/UI/HGUIBlur / 84464b76c258972459d5ed8d5a875d0b
[Info   : Unity Log] loaded a shader!:  Shaders/UI/HGUIBarRemap / fc58d915158fa30429e09867bf1a1929
[Info   : Unity Log] loaded a shader!:  Shaders/UI/HGUIAnimateAlpha / de7d3aae599afd94491a236cc750f320
[Info   : Unity Log] loaded a shader!:  Shaders/Speedtree Override/TreeSoftOcclusionLeaves / 4420bd398c9be744082b5d2458829746
[Info   : Unity Log] loaded a shader!:  Shaders/Speedtree Override/TreeSoftOcclusionBark / cea4b848c6b05db458c71e5ad1a005b3
[Info   : Unity Log] loaded a shader!:  Shaders/Speedtree Override/SpeedTreeCustom / 85eebb34728e99141abefe9e3f234e55
[Info   : Unity Log] loaded a shader!:  Shaders/Speedtree Override/SpeedTreeBillboard / 72ed34a768bf9604bbfe1e9fe1edbbb2
[Info   : Unity Log] loaded a shader!:  Shaders/PostProcess/HGVisionLimit / 5e246b703e2090148a761d52af19744b
[Info   : Unity Log] loaded a shader!:  Shaders/PostProcess/HGSobelBuffer / 780f79b2a62a0df439dedf59c533eee6
[Info   : Unity Log] loaded a shader!:  Shaders/PostProcess/HGScreenDamage / 62decc840d5afaa49886d8b13165939e
[Info   : Unity Log] loaded a shader!:  Shaders/PostProcess/HGScopeShader / c59dc7ff2931ab5409d6ab6a95e504fb
[Info   : Unity Log] loaded a shader!:  Shaders/PostProcess/HGOutlineHighlight / 41e90cbc5ad198a438128b019f8d8553
[Info   : Unity Log] loaded a shader!:  Shaders/MobileBlur / f9d5fa183cd6b45eeb1491f74863cd91
[Info   : Unity Log] loaded a shader!:  Shaders/FX/HGVertexOnly / 3b2fa336b2f421746a875f53f075d95f
[Info   : Unity Log] loaded a shader!:  Shaders/FX/HGSolidParallax / 302e1057ea9d0e74dab5a0de5cbf611c
[Info   : Unity Log] loaded a shader!:  Shaders/FX/HGOpaqueCloudRemap / a035a371a79a19c468ec4e6dc40911c5
[Info   : Unity Log] loaded a shader!:  Shaders/FX/HGIntersectionCloudRemap / 43a6c7a9084ef9743ab45ee8d5f3c4e9
[Info   : Unity Log] loaded a shader!:  Shaders/FX/HGForwardPlanet / 94b2ede73cf555f4f8549dc24b957446
[Info   : Unity Log] loaded a shader!:  Shaders/FX/HGDistortion / f6bd449dcf2a4496da3d2ad0c3881450
[Info   : Unity Log] loaded a shader!:  Shaders/FX/HGDamageNumber / 7d8dad6ac5790494cafac7c5a3fcb748
[Info   : Unity Log] loaded a shader!:  Shaders/FX/HGCloudRemap / bbffe49749c91724d819563daf91445d
[Info   : Unity Log] loaded a shader!:  Shaders/Environment/HGWaterfall / 38f45f1c98f056f4ca78cb3f37bcc47d
[Info   : Unity Log] loaded a shader!:  Shaders/Environment/HGGrass / cb13e29f56673694cbaeb73c22d3cd1c
[Info   : Unity Log] loaded a shader!:  Shaders/Environment/HGDistantWater / d48a4aa52cd665f45a89801d053c38de
[Info   : Unity Log] loaded a shader!:  Shaders/Deferred/Internal-DeferredShadingCustom / 5b1b52b10f4dd5047b8400977ff4c0d7
[Info   : Unity Log] loaded a shader!:  Shaders/Deferred/Internal-DeferredReflectionsCustom / 40eea4bc126f35642be7798d96f9f7c1
[Info   : Unity Log] loaded a shader!:  Shaders/Deferred/Internal-DeferredReflections / 441e313ad6852fb47825253de68f351f
[Info   : Unity Log] loaded a shader!:  Shaders/Deferred/HGWavyCloth / 69d9da0a01c9f774e8e80f16ecd381b0
[Info   : Unity Log] loaded a shader!:  Shaders/Deferred/HGTriplanarTerrainBlend / cd44d5076b47fbc4d8872b2a500b78f8
[Info   : Unity Log] loaded a shader!:  Shaders/Deferred/HGStandardWithDistortion / 583195a0938e3d944b20d158ef28e3be
[Info   : Unity Log] loaded a shader!:  Shaders/Deferred/HGStandard / 48dca5b99d113b8d11006bab44295342
[Info   : Unity Log] loaded a shader!:  Shaders/Deferred/HGSnowTopped / ec2c273472427df41846b25c110155c2
[Info   : Unity Log] loaded a shader!:  Shaders/TMP_Sprite / cf81c85f95fe47e1a27f6ae460cf182c
[Info   : Unity Log] loaded a shader!:  Shaders/TMP_SDF-Surface-Mobile / 85187c2149c549c5b33f0cdb02836b17
[Info   : Unity Log] loaded a shader!:  Shaders/TMP_SDF-Surface / f7ada0af4f174f0694ca6a487b8f543d
[Info   : Unity Log] loaded a shader!:  Shaders/TMP_SDF-Mobile / fe393ace9b354375a9cb14cdbbc28be4
[Info   : Unity Log] loaded a shader!:  Shaders/TMP_SDF-Mobile Overlay / a02a7d8c237544f1962732b55a9aebf1
[Info   : Unity Log] loaded a shader!:  Shaders/TMP_SDF-Mobile Masking / bc1ede39bf3643ee8e493720e4259791
[Info   : Unity Log] loaded a shader!:  Shaders/TMP_SDF / 68e6db2ebdc24f95958faec2be5558d6
[Info   : Unity Log] loaded a shader!:  Shaders/TMP_SDF Overlay / dd89cf5b9246416f84610a006f916af7
[Info   : Unity Log] loaded a shader!:  Shaders/TMP_Bitmap-Mobile / 1e3b057af24249748ff873be7fafee47
[Info   : Unity Log] loaded a shader!:  Shaders/TMP_Bitmap-Custom-Atlas / 48bb5f55d8670e349b6e614913f9d910
[Info   : Unity Log] loaded a shader!:  Shaders/TMP_Bitmap / 128e987d567d4e2c824d754223b3f3b0
[Info   : Unity Log] loaded a shader!:  Hopoo Games/Internal/VisionLimit / 5e246b703e2090148a761d52af19744b
[Info   : Unity Log] Error loading shader: Hidden/ProBuilder/EdgePicker / 86212504c7e9f468db2300dc5932dc17
[Info   : Unity Log] loaded a shader!:  TextMeshPro/Mobile/Distance Field SSD / c8d12adcee749c344b8117cf7c7eb912
[Info   : Unity Log] loaded a shader!:  TextMeshPro/Distance Field SSD / 14eb328de4b8eb245bb7cea29e4ac00b
[Info   : Unity Log] loaded a shader!:  TextMeshPro/Sprite / cf81c85f95fe47e1a27f6ae460cf182c
[Info   : Unity Log] loaded a shader!:  TextMeshPro/Distance Field / 68e6db2ebdc24f95958faec2be5558d6
[Info   : Unity Log] loaded a shader!:  TextMeshPro/Distance Field (Surface) / f7ada0af4f174f0694ca6a487b8f543d
[Info   : Unity Log] loaded a shader!:  TextMeshPro/Mobile/Distance Field (Surface) / 85187c2149c549c5b33f0cdb02836b17
[Info   : Unity Log] loaded a shader!:  TextMeshPro/Mobile/Distance Field / fe393ace9b354375a9cb14cdbbc28be4
[Info   : Unity Log] loaded a shader!:  TextMeshPro/Mobile/Distance Field Overlay / a02a7d8c237544f1962732b55a9aebf1
[Info   : Unity Log] loaded a shader!:  TextMeshPro/Mobile/Distance Field - Masking / bc1ede39bf3643ee8e493720e4259791
[Info   : Unity Log] loaded a shader!:  TextMeshPro/Distance Field Overlay / dd89cf5b9246416f84610a006f916af7
[Info   : Unity Log] loaded a shader!:  TextMeshPro/Bitmap / 128e987d567d4e2c824d754223b3f3b0
[Info   : Unity Log] loaded a shader!:  TextMeshPro/Mobile/Bitmap / 1e3b057af24249748ff873be7fafee47
[Info   : Unity Log] loaded a shader!:  TextMeshPro/Bitmap Custom Atlas / 48bb5f55d8670e349b6e614913f9d910
[Info   : Unity Log] loaded a shader!:  Hopoo Games/UI/Default Overbrighten / cf1ebead4b1ec6c4591b2066773bffd7
[Info   : Unity Log] loaded a shader!:  Hopoo Games/UI/Debug Ignore Z / 36643fea3e3d2a844ac2e6e777f5b249
[Info   : Unity Log] loaded a shader!:  Hopoo Games/UI/Custom Blend / 6ecc105be1511d240b11e32eb05f80e8
[Info   : Unity Log] loaded a shader!:  Hopoo Games/UI/Masked UI Blur / 84464b76c258972459d5ed8d5a875d0b
[Info   : Unity Log] loaded a shader!:  Hopoo Games/UI/UI Bar Remap / fc58d915158fa30429e09867bf1a1929
[Info   : Unity Log] loaded a shader!:  Hopoo Games/UI/Animate Alpha / de7d3aae599afd94491a236cc750f320
[Info   : Unity Log] loaded a shader!:  Nature/Tree Soft Occlusion Leaves / 4420bd398c9be744082b5d2458829746
[Info   : Unity Log] loaded a shader!:  Nature/Tree Soft Occlusion Bark / cea4b848c6b05db458c71e5ad1a005b3
[Info   : Unity Log] loaded a shader!:  Nature/SpeedTree / 85eebb34728e99141abefe9e3f234e55
[Info   : Unity Log] loaded a shader!:  Nature/SpeedTree Billboard / 72ed34a768bf9604bbfe1e9fe1edbbb2
[Info   : Unity Log] loaded a shader!:  Hopoo Games/Internal/SobelBuffer / 780f79b2a62a0df439dedf59c533eee6
[Info   : Unity Log] loaded a shader!:  Hopoo Games/Post Process/Screen Damage / 62decc840d5afaa49886d8b13165939e
[Info   : Unity Log] loaded a shader!:  Hopoo Games/Post Process/Scope Distortion / c59dc7ff2931ab5409d6ab6a95e504fb
[Info   : Unity Log] loaded a shader!:  Hopoo Games/Internal/Outline Highlight / 41e90cbc5ad198a438128b019f8d8553
[Info   : Unity Log] loaded a shader!:  Hidden/FastBlur / f9d5fa183cd6b45eeb1491f74863cd91
[Info   : Unity Log] loaded a shader!:  Hopoo Games/FX/Vertex Colors Only / 3b2fa336b2f421746a875f53f075d95f
[Info   : Unity Log] loaded a shader!:  Hopoo Games/FX/Solid Parallax / 302e1057ea9d0e74dab5a0de5cbf611c
[Info   : Unity Log] loaded a shader!:  Hopoo Games/FX/Opaque Cloud Remap / a035a371a79a19c468ec4e6dc40911c5
[Info   : Unity Log] loaded a shader!:  Hopoo Games/FX/Cloud Intersection Remap / 43a6c7a9084ef9743ab45ee8d5f3c4e9
[Info   : Unity Log] loaded a shader!:  Hopoo Games/FX/Forward Planet / 94b2ede73cf555f4f8549dc24b957446
[Info   : Unity Log] loaded a shader!:  Hopoo Games/FX/Distortion / f6bd449dcf2a4496da3d2ad0c3881450
[Info   : Unity Log] loaded a shader!:  Hopoo Games/FX/Damage Number / 7d8dad6ac5790494cafac7c5a3fcb748
[Info   : Unity Log] loaded a shader!:  Hopoo Games/FX/Cloud Remap / bbffe49749c91724d819563daf91445d
[Info   : Unity Log] loaded a shader!:  Hopoo Games/Environment/Waterfall / 38f45f1c98f056f4ca78cb3f37bcc47d
[Info   : Unity Log] loaded a shader!:  Hopoo Games/Environment/Waving Grass / cb13e29f56673694cbaeb73c22d3cd1c
[Info   : Unity Log] loaded a shader!:  Hopoo Games/Environment/Distant Water / d48a4aa52cd665f45a89801d053c38de
[Info   : Unity Log] loaded a shader!:  Hidden/Internal-DeferredShading / 5b1b52b10f4dd5047b8400977ff4c0d7
[Info   : Unity Log] loaded a shader!:  Hidden/Internal-DeferredReflections / 40eea4bc126f35642be7798d96f9f7c1
[Info   : Unity Log] loaded a shader!:  Hopoo Games/Deferred/Wavy Cloth / 69d9da0a01c9f774e8e80f16ecd381b0
[Info   : Unity Log] loaded a shader!:  Hopoo Games/Deferred/Triplanar Terrain Blend / cd44d5076b47fbc4d8872b2a500b78f8
[Info   : Unity Log] loaded a shader!:  Hopoo Games/Deferred/Standard / 48dca5b99d113b8d11006bab44295342
[Info   : Unity Log] loaded a shader!:  Hopoo Games/Deferred/Snow Topped / ec2c273472427df41846b25c110155c2
[Info   : Unity Log] loaded a shader!:  Hidden/PostProcess/SceneTint / 14aa4a59af5f6d348a6ef6051b0aa7cb
[Info   : Unity Log] loaded a shader!:  Hidden/PostProcess/SobelRain / b7d96c4da51704442b8cfedb1872b45f
[Info   : Unity Log] loaded a shader!:  Hidden/PostProcess/SobelOutline / 7d6541fe01591cd418caf48d3c099e52
[Info   : Unity Log] loaded a shader!:  Hidden/PostProcess/RampFog / c14b6abb309b8c246add9e94a6920d7f
[Info   : Unity Log] loaded a shader!:  Hidden/PostProcessing/HopooSSR / c2c5464695b95d34c833a4c0642e7532
[Info   : Unity Log] loaded a shader!:  Custom/Fill-Linear / 4aa2a800cd44e904fbd41952f82c6370
[Info   : Unity Log] loaded a shader!:  Hidden/NGSS_Directional / d42da1e69d53bc044ad4a55ce9a410c1
[Info   : Unity Log] loaded a shader!:  Hidden/NGSS_ContactShadows / ab1a11124b683ad44bcb86515a434172
[Info   : Unity Log] loaded a shader!:  UI/TranslucentImage / b1115addd36579a429d5e6b4ffae668d
[Info   : Unity Log] loaded a shader!:  Hidden/FillCrop / d996ab4381100014d99e25e68e9aac84
[Info   : Unity Log] loaded a shader!:  Hidden/EfficientBlur / 12e87e7c7fde8e74db9f75172456c5c3
[Info   : Unity Log] loaded a shader!:  Decalicious/Unlit Decal / 3f698aa8b620b764d962905c27b9f1ae
[Info   : Unity Log] loaded a shader!:  Decalicious/Deferred Decal / 45d0c9045cf6b7f44b2550a667173c5f
[Info   : Unity Log] loaded a shader!:  Hidden/Decalicious Game Object ID / af51ca0e06c840e4b9efd34efed7cc85
[Info   : Unity Log] loaded a shader!:  Projector/Caustics / 28260a8d98706fe40a3c99f2f781b3cb
[Info   : Unity Log] loaded a shader!:  CalmWater/Calm Water [Single Sided] / 5113337feed5cb641a5590972b07b9c1
[Info   : Unity Log] loaded a shader!:  CalmWater/Calm Water [DX11] / 2e5d60e33aa6da447bb69ec37053c5ba
[Info   : Unity Log] loaded a shader!:  CalmWater/Calm Water [DX11] [Double Sided] / c960b2fa5c6943a47bf5f9dbab77ea35
[Info   : Unity Log] loaded a shader!:  CalmWater/Calm Water [Double Sided] / 64cc94e88500a904084a18cf5fcb2991
[Info   : Unity Log] loaded a shader!:  Hidden/UnderWaterFog / 472da7a0e387cf14abf12a99c96998fd
[Info   : Unity Log] loaded a shader!:  TranslucentImage/DownTent / e4abd95960ed75f4a9f59cac7c40bd9d
[Info   : Unity Log] End Shader Loading
[Info   :R2API.ContentManagement] Generating a total of 5 ContentPacks...
[Warning: Unity Log] Failed to assign Items.LemurianHarness: Asset "LemurianHarness" not found.
[Warning: Unity Log] Failed to assign Items.NegateAttack: Asset "NegateAttack" not found.
[Warning: Unity Log] Failed to assign Items.LowerHealthHigherDamage: Asset "LowerHealthHigherDamage" not found.
[Warning: Unity Log] Failed to assign Items.GoldOnStageStart: Asset "GoldOnStageStart" not found.
[Warning: Unity Log] Failed to assign Items.ResetChests: Asset "ResetChests" not found.
[Warning: Unity Log] Failed to assign Buffs.TamperedHeart: Asset "bdTamperedHeart" not found.
[Warning: Unity Log] Failed to assign Buffs.FreeChest: Asset "bdFreeChest" not found.
[Warning: Unity Log] Failed to assign Buffs.LowerHealthHigherDamageBuff: Asset "bdLowerHealthHigherDamageBuff" not found.
[Warning: Unity Log] Could not find scene with name "splash".
[Warning: Unity Log] Could not find scene with name "splash".
[Warning: Unity Log] Could not find scene with name "splash".
[Warning: Unity Log] Could not find scene with name "splash".
[Warning: Unity Log] EffectManager: Killing all pools
[Warning: Unity Log] Internal: JobTempAlloc has allocations that are more than 4 frames old - this is not allowed and likely a leak
[Info   : Unity Log] <color=green>Triggered MusicController</color>
[Warning: Unity Log] Failed to assign Buffs.Deafened: Asset "bdDeafened" not found.
[Warning: Unity Log] Could not find scene with name "intro".
[Warning: Unity Log] Could not find scene with name "intro".
[Warning: Unity Log] Could not find scene with name "intro".
[Warning: Unity Log] Could not find scene with name "intro".
[Warning: Unity Log] Internal: deleting an allocation that is older than its permitted lifetime of 4 frames (age = 10)
[Warning: Unity Log] Internal: deleting an allocation that is older than its permitted lifetime of 4 frames (age = 10)
[Warning: Unity Log] EffectManager: Killing all pools
[Warning: Unity Log] Failed to assign Items.SummonedEcho: Asset "SummonedEcho" not found.
[Warning: Unity Log] Failed to assign Equipment.AffixEcho: Asset "EliteEchoEquipment" not found.
[Warning: Unity Log] Failed to assign Buffs.AffixEcho: Asset "bdEliteEcho" not found.
[Warning: Unity Log] Failed to assign Elites.Echo: Asset "edEcho" not found.
[Debug  :R2API.ContentManagement] Content added from Wolfo.WolfoQoL_Server:
ExtraStatsOnLevelUpConsumed (ItemDef)
TreasureCacheConsumed (ItemDef)
TreasureCacheVoidConsumed (ItemDef)
visual_BonusJump (BuffDef)
visual_BonusJumpVoid (BuffDef)
visual_BugFlight (BuffDef)
visual_EnemyBurn (BuffDef)
visual_FrostRelicGrowth (BuffDef)
visual_Frozen (BuffDef)
visual_HeadstomperCooldown (BuffDef)
visual_HeadstomperReady (BuffDef)
visual_HelFire (BuffDef)
visual_OutOfCombatArmorCooldown (BuffDef)
visual_ShadowIntangible (BuffDef)
visual_ShieldDelay (BuffDef)
visual_ShieldDelayPink (BuffDef)
visual_SprintArmor (BuffDef)
[Debug  :R2API.ContentManagement] Content added from iHarbHD.DebugToolkit:
DebugToolKitComponentsNetworked (GameObject)
[Debug  :R2API.ContentManagement] Content added from com.RiskyLives.RiskyMod:
RiskyModArrowRainProjectile (GameObject)
RiskyModCaptainTazer (GameObject)
RiskyModChildTrackingSparkball (GameObject)
RiskyModFragProjectile (GameObject)
RiskyModIceWallPillarProjectile (GameObject)
RiskyModIceWallWalkerProjectile (GameObject)
RiskyModLunarExploderProjectileDotZone (GameObject)
RiskyModLunarWispShardProjectile (GameObject)
RiskyModMegaDroneRocketProjectile (GameObject)
RiskyModMushrumProjectile (GameObject)
RiskyModMushrumProjectileDotZone (GameObject)
RiskyModNullifierPreBombProjectile (GameObject)
RiskyModPhaseLightning (GameObject)
RiskyModPhaseRound (GameObject)
RiskyModStickybomb (GameObject)
RiskyModUnseenHandMovingProjectile (GameObject)
RiskyModVagrantCannon (GameObject)
RiskyModVagrantTrackingBomb (GameObject)
RiskyModWarbannerObject (GameObject)
RiskyMod_ATGProjectile (GameObject)
RiskyMod_BeetleQueenAcid (GameObject)
RiskyMod_BeetleQueenSpit (GameObject)
RiskyMod_CaptainSupplyEquipmentRestock (GameObject)
RiskyMod_Fireworks (GameObject)
RiskyMod_LunarGolemSkyMeadow (GameObject)
RiskyMod_LunarGolemSkyMeadowMaster (GameObject)
RiskyMod_MagmaWormProjectile (GameObject)
RiskyMod_Perforator (GameObject)
RiskyModAllyAllowOverheatDeathItem (ItemDef)
RiskyModAllyAllowVoidDeathItem (ItemDef)
RiskyModAllyMarkerItem (ItemDef)
RiskyModAllyRegenItem (ItemDef)
RiskyModAllyScalingItem (ItemDef)
[Debug  :R2API.ContentManagement] Content added from com.Moffein.NetworkedPrayerBeads:
MoffeinBeadStatItem (ItemDef)
[Debug  :R2API.ContentManagement] Content added from com.Moffein.EliteReworks:
MoffeinEliteReworkOverloadinLightningBossProjectile (GameObject)
MoffeinEliteReworkOverloadinLightningProjectile (GameObject)
MoffeinEliteReworksOverloadingStakeV2 (GameObject)
MoffeinEliteReworksPoisonOrbProjectile (GameObject)
MoffeinEliteReworksPoisonStakeProjectile (GameObject)
MoffeinEliteReworkOverloadinLightningBossProjectile (GameObject)
MoffeinEliteReworkOverloadinLightningProjectile (GameObject)
MoffeinEliteReworksOverloadingStakeV2 (GameObject)
MoffeinEliteReworksPoisonIndicator (GameObject)
MoffeinEliteReworksPoisonIndicator (GameObject)
MoffeinEliteReworksPoisonOrbProjectile (GameObject)
MoffeinEliteReworksPoisonStakeProjectile (GameObject)
EliteReworksHauntedArmorReduction (BuffDef)
EliteReworksHauntedGhostsActive (BuffDef)
EliteReworksHauntedRevive (BuffDef)
EliteReworksMalachiteBuildup (BuffDef)
EliteReworksSlow80 (BuffDef)
MoffeinEliteReworkOverloadinLightningOnHitVFX (EffectDef)
MoffeinEliteReworkOverloadinLightningQuietVFX (EffectDef)
MoffeinEliteReworkOverloadinLightningVFX (EffectDef)
MoffeinEliteReworksGlacialExplosion (EffectDef)
EliteReworksGlacialSlowNetworkSound (NetworkSoundEventDef)
EliteReworksOverloadingBossNetworkSound (NetworkSoundEventDef)
EliteReworksOverloadingNetworkSound (NetworkSoundEventDef)
[Debug  :RoR2BepInExPack] OnHook WolfoQoL_Client.LogSimuStages.ITStageIfCompletedOnce added by assembly: WolfoQoL_Client.dll for: RoR2.UI.LogBook.LogBookController.GetStageStatus
[Debug  :RoR2BepInExPack] OnHook AI_Blacklist.AIEquipBlacklist+<>c.<.ctor>b__4_2 added by assembly: AI_Blacklist.dll for: RoR2.Inventory.SetEquipmentIndex
[Debug  :RoR2BepInExPack] OnHook WolfoQoL_Client.Skins.OtherEnemies.TwistedSound added by assembly: WolfoQoL_Client.dll for: RoR2.AffixBeadBehavior.OnEnable
[Debug  :RoR2BepInExPack] ILHook WolfoQoL_Client.Skins.OtherEnemies.TwistedFire modifier by assembly: WolfoQoL_Client.dll for: RoR2.AffixBeadBehavior.Update
[Debug  :RoR2BepInExPack] OnHook WolfoQoL_Client.ColorModule.EquipmentDef_AttemptGrant added by assembly: WolfoQoL_Client.dll for: RoR2.EquipmentDef.AttemptGrant
[Debug  :RoR2BepInExPack] OnHook WolfoQoL_Client.ColorModule.EquipmentHighlighter added by assembly: WolfoQoL_Client.dll for: RoR2.CharacterModel.SetEquipmentDisplay
[Debug  :RoR2BepInExPack] OnHook WolfoQoL_Client.Text.PrayerBeads.Consumed_OverrideTooltip added by assembly: WolfoQoL_Client.dll for: RoR2.UI.ItemIcon.SetItemIndex
[Debug  :RoR2BepInExPack] OnHook WolfoQoL_Client.Text.PrayerBeads.Consumed_OverrideInspect added by assembly: WolfoQoL_Client.dll for: RoR2.UI.ItemIcon.ItemClicked
[Debug  :RoR2BepInExPack] OnHook WolfoQoL_Client.Text.PrayerBeads.OverlayForTransformationMessage added by assembly: WolfoQoL_Client.dll for: RoR2.CharacterMaster.OnBeadReset
[Debug  :RoR2BepInExPack] OnHook WolfoQoL_Server.BuffTimers+<>c.<ModSupport>b__17_1 added by assembly: WolfoQoL_Server.dll for: RoR2.CharacterMotor.OnLanded
[Debug  :RoR2BepInExPack] OnHook WolfoQoL_Server.BuffTimers.FeatherRemoveBuffs added by assembly: WolfoQoL_Server.dll for: EntityStates.GenericCharacterMain.ApplyJumpVelocity
[Debug  :RoR2BepInExPack] OnHook WolfoQoL_Server.BuffTimers.FeatherClient added by assembly: WolfoQoL_Server.dll for: RoR2.CharacterBody.ReadBuffs
[Info   : Unity Log] ApplyEntityStateConfiguration(EntityStates.FalseSon.TheTamperedHeart (RoR2.EntityStateConfiguration)) failed: state type is null.
[Info   : Unity Log] Attempting to load user profile /UserProfiles/e8e99ebd-9550-473c-a3ba-715886ef788b.xml
[Info   : Unity Log] stream.Length=268781
[Info   : Unity Log] Attempting to load user profile /UserProfiles/ed486fd9-bcea-4674-afa9-4eba3bad4156.xml
[Info   : Unity Log] stream.Length=209003
[Warning: Unity Log] RiskyTweaks: Skipping AllyRegen because RiskyMod is loaded.
[Info   : Unity Log] This command requires a network or game session.
[Warning: Unity Log] Network message MsgType.Highest + 22 is unregistered.
[Info   : Unity Log] loading RunReport /RunReports/History/4484dccd-a3b9-41a6-bca6-a862f1e41972.xml
[Info   : Unity Log] loading RunReport /RunReports/History/b4adf385-1754-44a7-8167-f58480a237e4.xml
[Info   : Unity Log] loading RunReport /RunReports/History/503a98ee-7ea8-4033-96b6-8ffe0b58f66a.xml
[Info   : Unity Log] Setting offline scene to title
[Warning: Unity Log] Internal: deleting an allocation that is older than its permitted lifetime of 4 frames (age = 13)
[Warning: Unity Log] Internal: deleting an allocation that is older than its permitted lifetime of 4 frames (age = 13)
[Warning: Unity Log] EffectManager: Killing all pools
[Warning: Unity Log] InputSourceFilter.Refresh: Null eventSystem on SettingsPanelTitle(Clone)
[Warning: Unity Log] InputSourceFilter.Refresh: Null eventSystem on FooterContainer
[Warning: Unity Log] InputSourceFilter.Refresh: Null eventSystem on FooterContainer
[Warning: Unity Log] InputSourceFilter.Refresh: Null eventSystem on TitleMenu
[Warning:R2API.Skins] SurvivorDef Heretic is missing a displayPrefab or bodyPrefab! You need to have this! Skipping...
[Warning: Unity Log] InputSourceFilter.Refresh: Null eventSystem on TitleMenu
[Info   : Unity Log] BaseMainMenuScreen: OnEnter()
[Debug  :RoR2BepInExPack] OnHook WolfoQoL_Client.WolfoMain.OneTimeOnlyLateRunner removed by assembly: WolfoQoL_Client.dll for: RoR2.UI.MainMenu.MainMenuController.Start
[Debug  :RoR2BepInExPack] OnHook WolfoQoL_Server.WolfoMain.OneTimeOnlyLateRunner removed by assembly: WolfoQoL_Server.dll for: RoR2.UI.MainMenu.MainMenuController.Start
[Info   : Unity Log] Risk of Rain 2 build: ver. 1.3.9#553
[Warning: Unity Log] Animator.GotoState: State could not be found
[Warning: Unity Log] Invalid Layer Index '-1'
[Warning: Unity Log] Animator.GotoState: State could not be found
[Warning: Unity Log] Invalid Layer Index '-1'
[Warning: Unity Log] Invalid Layer Index '-1'
[Warning: Unity Log] Invalid Layer Index '-1'
[Info   : Unity Log] Saved file "e8e99ebd-9550-473c-a3ba-715886ef788b.xml" (268781 bytes)
[Debug  :RoR2BepInExPack] OnHook R2API.DifficultyAPI.GetExtendedDifficultyDef removed by assembly: R2API.Difficulty.dll for: RoR2.DifficultyCatalog.GetDifficultyDef
[Debug  :RoR2BepInExPack] OnHook R2API.DifficultyAPI.InitialiseRuleBookAndFinalizeList removed by assembly: R2API.Difficulty.dll for: RoR2.RuleDef.FromDifficulty
[Debug  :RoR2BepInExPack] OnHook R2API.DirectorAPI.ApplyChangesOnStart removed by assembly: R2API.Director.dll for: RoR2.ClassicStageInfo.Start
[Debug  :RoR2BepInExPack] OnHook R2API.DirectorAPI.InitStageEnumToSceneDefs removed by assembly: R2API.Director.dll for: RoR2.SceneCatalog.Init
[Debug  :RoR2BepInExPack] OnHook R2API.LanguageAPI.Language_GetLocalizedStringByToken removed by assembly: R2API.Language.dll for: RoR2.Language.GetLocalizedStringByToken
[Debug  :RoR2BepInExPack] OnHook R2API.LanguageAPI.Language_TokenIsRegistered removed by assembly: R2API.Language.dll for: RoR2.Language.TokenIsRegistered
[Debug  :RoR2BepInExPack] OnHook R2API.SkinIDRS.SetCustomIDRS removed by assembly: R2API.Skins.dll for: RoR2.ModelSkinController.ApplySkin
[Debug  :RoR2BepInExPack] OnHook R2API.SkinVFX.ApplyModifier removed by assembly: R2API.Skins.dll for: RoR2.EffectComponent.Start
[Debug  :RoR2BepInExPack] OnHook R2API.SkinVFX.ApplyReplacement removed by assembly: R2API.Skins.dll for: RoR2.EffectManager.SpawnEffect
[Debug  :RoR2BepInExPack] OnHook R2API.SkinVFX.ModifyGenericMelee removed by assembly: R2API.Skins.dll for: EntityStates.BasicMeleeAttack.BeginMeleeAttackEffect
[Debug  :RoR2BepInExPack] OnHook R2API.SkinLightReplacement.SetLightOverrides removed by assembly: R2API.Skins.dll for: RoR2.ModelSkinController.ApplySkin
[Debug  :RoR2BepInExPack] OnHook R2API.SoundAPI+Music.EnableCustomMusicSystems removed by assembly: R2API.Sound.dll for: RoR2.MusicController.StartIntroMusic
[Debug  :RoR2BepInExPack] OnHook R2API.SoundAPI+Music.IsGameMusicBankInUse removed by assembly: R2API.Sound.dll for: RoR2.Mu